image,collection,category,has_plate_ground_truth,ground_truth_plates,vehicle_detected,plate_candidate_found,anpr_confirmed,detected_plate,detector_confidence,ocr_confidence,ocr_exact_match,character_accuracy,false_positive,status,failure_stage,latency_ms,stage_vehicle_ms,stage_plate_ms,stage_perspective_ms,stage_enhancement_ms,stage_crnn_ms,stage_tesseract_tier1_ms,stage_tesseract_tier2_ms,stage_easyocr_ms,stage_validation_ms,stage_temporal_ms,stage_total_ms
dc_auto_image_000021_bMXgvtud5K.jpg,VOC_Annotated,Auto-Rickshaw,True,"KL34A465, KL34A465, KL34F, KL35F4337, KL35H5834, KL03S6894",True,True,True,MZ55A20,0.69,0.99,False,0.2222,False,CONFIRMED_ANPR_EVENT,None (Passed),9399.0,1489.4,2913.2,22.3,24.0,142.4,4589.0,0.0,0.0,0.02,0.04,9379.7
dc_auto_image_000024_fqvRhfiO6i.jpg,VOC_Annotated,Auto-Rickshaw,True,UP84AE9889,True,True,True,CH85T01,0.94,0.84,False,0.1,False,CONFIRMED_ANPR_EVENT,None (Passed),1304.3,121.9,324.0,7.0,2.8,17.5,543.9,0.0,0.0,0.01,0.01,1283.6
dc_bus_image_000033_XUH0eV452t.jpg,VOC_Annotated,Bus,True,GJ01DY6855,True,True,False,,0.156,0.0,False,0.0,False,NO_PLATE_CANDIDATES,Stage 2: Plate Localization / Geometric Validation,1185.0,104.4,787.8,0.0,0.0,0.0,0.0,0.0,0.0,0.0,0.0,1164.0
dc_bus_image_000039_9NispLHmAo.jpg,VOC_Annotated,Bus,True,KL498262,True,True,True,KL498262,0.95,0.95,True,1.0,False,CONFIRMED_ANPR_EVENT,None (Passed),7338.3,113.0,337.4,1.1,232.0,16.1,1350.4,0.0,592.2,0.01,0.03,7321.9
dc_license_plates_0RBAQHKIXQMDFYZD.jpg,VOC_Annotated,Car,True,WB42AX7446,True,True,True,WB42AX7146,0.5,0.35,False,0.9,False,CONFIRMED_ANPR_EVENT,None (Passed),1813.6,100.0,108.3,5.5,8.5,8.4,279.7,615.4,526.7,0.0,0.02,1800.1
dc_license_plates_0RRPJCID3RRLSFTI.jpg,VOC_Annotated,Car,True,MP07L7524,True,True,True,MP0ZPL7524,0.87,0.82,False,0.8,False,CONFIRMED_ANPR_EVENT,None (Passed),2148.8,91.2,188.9,8.6,6.1,18.5,1124.2,0.0,458.2,0.01,0.03,2129.4
dc_license_plates_2D9KWCA7PLD0NW31.jpg,VOC_Annotated,Car,True,MP04PA0434,False,True,True,AR01104,0.91,0.87,False,0.3,False,CONFIRMED_ANPR_EVENT,None (Passed),955.8,107.3,152.7,20.9,3.3,10.7,441.8,0.0,0.0,0.0,0.01,945.3
dc_license_plates_2DZ4YT4ZJ9XJZSO0.jpg,VOC_Annotated,Car,True,RJ11GB1829,True,True,True,GJ46A23,0.82,0.83,False,0.2,False,CONFIRMED_ANPR_EVENT,None (Passed),1509.6,112.9,215.3,4.4,5.7,18.5,906.9,0.0,0.0,0.01,0.03,1493.6
dc_license_plates_3GKHBM5PWHYXHMTE.jpg,VOC_Annotated,Car,True,KL41L7001,True,True,True,GJ11Z1,0.91,0.88,False,0.2222,False,CONFIRMED_ANPR_EVENT,None (Passed),925.7,105.6,134.7,0.7,1.5,8.9,478.0,0.0,0.0,0.01,0.01,905.5
dc_license_plates_3HE1J0YIRGRDENVO.jpg,VOC_Annotated,Car,True,TN58D5353,True,True,True,AP02CD00,0.92,0.89,False,0.0,False,CONFIRMED_ANPR_EVENT,None (Passed),1294.2,129.1,161.1,19.3,2.7,12.2,655.9,0.0,0.0,0.01,0.01,1274.2
dc_license_plates_7K9NEIDD2KK46L6F.jpg,VOC_Annotated,Car,True,KL07BX7197,True,True,True,KL071197,0.96,0.9,False,0.7,False,CONFIRMED_ANPR_EVENT,None (Passed),2659.5,314.9,295.5,1.1,3.3,10.1,1258.6,0.0,0.0,0.0,0.01,2580.2
dc_license_plates_7L53OMODJOLUGUOE.jpg,VOC_Annotated,Car,True,UP84AE6664,False,True,True,GJ69CD0,0.91,0.89,False,0.0,False,CONFIRMED_ANPR_EVENT,None (Passed),1465.0,170.0,155.6,8.9,5.0,7.6,737.2,0.0,0.0,0.01,0.02,1428.8
dc_license_plates_VTPRN3NAPF8MUGNF.jpg,VOC_Annotated,Car,True,KL10AG7249,True,True,True,TS87214,0.75,0.85,False,0.2,False,CONFIRMED_ANPR_EVENT,None (Passed),979.1,106.0,110.0,2.2,2.7,7.5,443.0,0.0,0.0,0.0,0.01,927.5
dc_license_plates_VYA8KOAVKLW6PJYK.jpg,VOC_Annotated,Car,True,TN58AP5280,True,True,True,SK19S2,0.77,0.84,False,0.1,False,CONFIRMED_ANPR_EVENT,None (Passed),1040.8,101.0,113.4,3.2,4.3,6.9,626.4,0.0,0.0,0.01,0.01,1024.9
dc_license_plates_VZUYOAPZ8633ZQTN.jpg,VOC_Annotated,Car,True,DL3CD1210,True,True,True,DL3CI2401,0.79,0.57,False,0.5556,False,CONFIRMED_ANPR_EVENT,None (Passed),4022.7,97.0,392.4,5.8,8.7,25.2,1838.1,823.8,613.5,0.03,0.03,3998.7
dc_license_plates_W1W3000C6IAY3F1X.jpg,VOC_Annotated,Car,True,RJ11GB8850,False,True,True,AS74Z4,0.88,0.9,False,0.0,False,CONFIRMED_ANPR_EVENT,None (Passed),1159.3,116.4,117.6,8.2,3.1,8.9,681.9,0.0,0.0,0.01,0.01,1140.0
dc_tempo_van__image_000489_73h4cMU8Z1.jpg,VOC_Annotated,Tempo/Van,True,MP13GA9462,True,True,True,MH150194,0.95,0.76,False,0.4,False,CONFIRMED_ANPR_EVENT,None (Passed),927.7,97.5,87.9,2.4,1.1,7.8,423.9,0.0,0.0,0.0,0.02,906.4
dc_tempo_van__image_000490_CF9bwJsyoX.jpg,VOC_Annotated,Tempo/Van,True,KA09C2763,True,True,True,TN060676,0.82,0.95,False,0.3333,False,CONFIRMED_ANPR_EVENT,None (Passed),758.0,99.4,195.2,0.6,1.5,9.0,233.5,0.0,0.0,0.0,0.01,729.5
dc_truck_image_001561_IEhCyPTs.jpg,VOC_Annotated,Truck,True,MH18AA1002,True,True,True,AS014010,0.71,0.87,False,0.2,False,CONFIRMED_ANPR_EVENT,None (Passed),1110.5,185.0,135.3,1.6,2.8,9.1,483.9,0.0,0.0,0.0,0.01,1095.0
dc_truck_image_001564_RZeQ1TZR.jpg,VOC_Annotated,Truck,True,KA01AJ7533,True,True,True,KA0AJ7533,0.68,0.93,False,0.9,False,CONFIRMED_ANPR_EVENT,None (Passed),2096.8,90.5,165.8,1.2,10.1,13.9,826.4,0.0,707.0,0.01,0.03,2065.9
Datacluster_number_plates (1).jpg,Challenge_Samples,Real-World Challenge,True,AP29AN0074,True,True,True,JK75511,0.84,0.97,False,0.0,False,CONFIRMED_ANPR_EVENT,None (Passed),795.6,105.3,90.2,2.8,2.7,8.2,396.6,0.0,0.0,0.0,0.01,780.0
Datacluster_number_plates (101).jpg,Challenge_Samples,Real-World Challenge,True,MH24MPL4282,True,True,True,TN63S3,0.93,0.87,False,0.0,False,CONFIRMED_ANPR_EVENT,None (Passed),601.3,95.3,88.3,8.6,1.7,7.9,241.4,0.0,0.0,0.0,0.01,589.1
Datacluster_number_plates (11).jpg,Challenge_Samples,Real-World Challenge,True,DL3CBL1234,False,True,False,ZI174JHOSAW,0.98,0.83,False,0.0,False,REJECTED_SYNTAX,Stage 4: OCR / Syntax Validation,3547.4,102.7,99.0,25.8,19.3,17.5,937.2,1663.8,590.3,0.02,0.0,3526.8
Datacluster_number_plates (16).jpg,Challenge_Samples,Real-World Challenge,True,AP09BN8123,True,True,False,,0.307,0.0,False,0.0,False,NO_PLATE_CANDIDATES,Stage 2: Plate Localization / Geometric Validation,425.0,91.0,94.5,0.0,0.0,0.0,0.0,0.0,0.0,0.0,0.0,406.0
Datacluster_number_plates (18).jpg,Challenge_Samples,Real-World Challenge,True,DL1YB6543,True,True,True,TR24444,0.62,0.99,False,0.1111,False,CONFIRMED_ANPR_EVENT,None (Passed),964.3,89.0,257.7,3.4,2.9,20.1,253.6,0.0,0.0,0.01,0.03,932.5
Datacluster_number_plates (22).jpg,Challenge_Samples,Real-World Challenge,False,[Unspecified Challenge Plate],True,True,True,TN11818,0.97,0.99,False,1.0,False,CONFIRMED_ANPR_EVENT,None (Passed),727.7,157.8,187.9,9.2,2.2,21.5,0.0,0.0,0.0,0.01,0.02,706.6
Datacluster_number_plates (36).jpg,Challenge_Samples,Real-World Challenge,False,[Unspecified Challenge Plate],False,True,True,JK53S3,0.95,0.9,False,1.0,False,CONFIRMED_ANPR_EVENT,None (Passed),863.0,95.6,91.4,7.6,3.6,7.1,395.8,0.0,0.0,0.0,0.01,845.9
Datacluster_number_plates (38).jpg,Challenge_Samples,Real-World Challenge,False,[Unspecified Challenge Plate],True,True,True,TN11I1,0.95,0.99,False,1.0,False,CONFIRMED_ANPR_EVENT,None (Passed),977.5,97.4,103.4,7.7,2.0,8.3,486.9,0.0,0.0,0.01,0.01,957.4
Datacluster_number_plates (4).jpg,Challenge_Samples,Real-World Challenge,True,HR26BC7890,True,True,False,JK77A,0.76,0.72,False,0.1,False,REJECTED_SYNTAX,Stage 4: OCR / Syntax Validation,6467.8,90.7,264.5,1.0,19.3,15.1,1001.3,1209.4,3695.7,0.01,0.0,6456.0
Datacluster_number_plates (49).jpg,Challenge_Samples,Real-World Challenge,False,[Unspecified Challenge Plate],True,True,True,TR20UY312,0.95,0.83,False,1.0,False,CONFIRMED_ANPR_EVENT,None (Passed),1232.1,149.6,222.8,11.4,3.4,20.3,535.1,0.0,0.0,0.01,0.03,1212.9
Datacluster_number_plates (5).jpg,Challenge_Samples,Real-World Challenge,True,KA04MH2345,False,True,True,GJ13S813,0.96,0.89,False,0.1,False,CONFIRMED_ANPR_EVENT,None (Passed),960.9,104.9,109.3,33.4,3.7,9.5,510.9,0.0,0.0,0.01,0.02,945.6
Datacluster_number_plates (53).jpg,Challenge_Samples,Real-World Challenge,False,[Unspecified Challenge Plate],True,True,True,GA28T1674,0.64,0.99,False,1.0,False,CONFIRMED_ANPR_EVENT,None (Passed),576.0,131.1,124.1,3.7,1.1,17.1,0.0,0.0,0.0,0.0,0.01,529.3
Datacluster_number_plates (55).jpg,Challenge_Samples,Real-World Challenge,False,[Unspecified Challenge Plate],False,True,True,AS22SZ3743,0.94,0.99,False,1.0,False,CONFIRMED_ANPR_EVENT,None (Passed),1023.8,130.0,98.9,34.6,3.7,8.9,445.8,0.0,0.0,0.0,0.01,976.9
Datacluster_number_plates (62).jpg,Challenge_Samples,Real-World Challenge,False,[Unspecified Challenge Plate],False,True,True,TS77233,0.92,0.93,False,1.0,False,CONFIRMED_ANPR_EVENT,None (Passed),900.8,122.5,93.0,1.3,1.7,8.0,420.0,0.0,0.0,0.0,0.01,883.6
Datacluster_number_plates (64).jpg,Challenge_Samples,Real-World Challenge,False,[Unspecified Challenge Plate],True,True,True,SK27264,0.88,0.9,False,1.0,False,CONFIRMED_ANPR_EVENT,None (Passed),920.5,89.5,153.6,24.3,2.9,15.1,407.7,0.0,0.0,0.0,0.01,881.7
neg_asphalt_road.jpg,Negative_Controls,Negative Control,False,NONE,False,False,False,,0.0,0.0,False,0.0,False,NO_PLATE_CANDIDATES,Stage 2: Plate Localization / Geometric Validation,244.2,102.3,97.5,0.0,0.0,0.0,0.0,0.0,0.0,0.0,0.0,235.3
neg_sky_scenery.jpg,Negative_Controls,Negative Control,False,NONE,False,False,False,,0.0,0.0,False,0.0,False,NO_PLATE_CANDIDATES,Stage 2: Plate Localization / Geometric Validation,228.3,111.9,86.2,0.0,0.0,0.0,0.0,0.0,0.0,0.0,0.0,224.6
neg_sensor_noise.jpg,Negative_Controls,Negative Control,False,NONE,False,False,False,,0.0,0.0,False,0.0,False,NO_PLATE_CANDIDATES,Stage 2: Plate Localization / Geometric Validation,260.6,94.2,100.7,0.0,0.0,0.0,0.0,0.0,0.0,0.0,0.0,236.6
neg_overexposed_glare.jpg,Negative_Controls,Negative Control,False,NONE,False,False,False,,0.0,0.0,False,0.0,False,NO_PLATE_CANDIDATES,Stage 2: Plate Localization / Geometric Validation,235.7,112.8,94.8,0.0,0.0,0.0,0.0,0.0,0.0,0.0,0.0,232.0
neg_roadside_billboard.jpg,Negative_Controls,Negative Control,False,NONE,False,True,False,,0.0,0.0,False,0.0,False,NO_PLATE_CANDIDATES,Stage 2: Plate Localization / Geometric Validation,232.2,103.4,101.4,0.0,0.0,0.0,0.0,0.0,0.0,0.0,0.0,228.0
neg_green_foliage.jpg,Negative_Controls,Negative Control,False,NONE,False,False,False,,0.0,0.0,False,0.0,False,NO_PLATE_CANDIDATES,Stage 2: Plate Localization / Geometric Validation,476.5,93.7,337.2,0.0,0.0,0.0,0.0,0.0,0.0,0.0,0.0,470.5
