index,crop_file,ground_truth,verified_ground_truth,raw_ocr_output,normalized_ocr_output,exact_match,verified_exact_match,character_accuracy,edit_distance,ocr_confidence,error_bucket,crop_path
1,voc_dc_auto_image_000021_bMXgvtud5K_obj0.jpg,KL34A465,KL34A465,KL.34 A.465,KL34A465,True,True,1.0,0,0.824,EXACT,D:\college work\Hackaton projects\new zyn\benchmarks\anpr_v2\crops\voc_dc_auto_image_000021_bMXgvtud5K_obj0.jpg
2,voc_dc_auto_image_000021_bMXgvtud5K_obj1.jpg,KL34A465,INVALID_CROP,,,False,False,0.0,8,0.0,GROUND_TRUTH_SUSPECT,D:\college work\Hackaton projects\new zyn\benchmarks\anpr_v2\crops\voc_dc_auto_image_000021_bMXgvtud5K_obj1.jpg
3,voc_dc_auto_image_000021_bMXgvtud5K_obj2.jpg,KL34F,KL34F,KL348,KL348,False,False,0.8,1,0.683,GROUND_TRUTH_SUSPECT,D:\college work\Hackaton projects\new zyn\benchmarks\anpr_v2\crops\voc_dc_auto_image_000021_bMXgvtud5K_obj2.jpg
4,voc_dc_auto_image_000021_bMXgvtud5K_obj3.jpg,KL35F4337,KL35F4337,L35F337,L35F337,False,False,0.7778,2,0.769,WRONG_STATE,D:\college work\Hackaton projects\new zyn\benchmarks\anpr_v2\crops\voc_dc_auto_image_000021_bMXgvtud5K_obj3.jpg
5,voc_dc_auto_image_000021_bMXgvtud5K_obj4.jpg,KL35H5834,KL35H5834,KL35H5834,KL35H5834,True,True,1.0,0,0.881,EXACT,D:\college work\Hackaton projects\new zyn\benchmarks\anpr_v2\crops\voc_dc_auto_image_000021_bMXgvtud5K_obj4.jpg
6,voc_dc_auto_image_000021_bMXgvtud5K_obj5.jpg,KL03S6894,KL03S6894,560,560,False,False,0.1111,8,0.167,TWO_ROW_FAILURE,D:\college work\Hackaton projects\new zyn\benchmarks\anpr_v2\crops\voc_dc_auto_image_000021_bMXgvtud5K_obj5.jpg
7,voc_dc_auto_image_000024_fqvRhfiO6i_obj0.jpg,UP84AE9889,UP84AE9889,UP8ZAE9889 NO,UP8ZAE9889NO,False,False,0.75,3,0.714,EXTRA_CHARACTER,D:\college work\Hackaton projects\new zyn\benchmarks\anpr_v2\crops\voc_dc_auto_image_000024_fqvRhfiO6i_obj0.jpg
8,voc_dc_bus_image_000033_XUH0eV452t_obj0.jpg,GJ01DY6855,GJ01DY6855,6J010Y6855,6J010Y6855,False,False,0.8,2,0.773,WRONG_STATE,D:\college work\Hackaton projects\new zyn\benchmarks\anpr_v2\crops\voc_dc_bus_image_000033_XUH0eV452t_obj0.jpg
9,voc_dc_bus_image_000039_9NispLHmAo_obj0.jpg,KL498262,KL498262,XL49.8262,XL498262,False,False,0.875,1,0.813,WRONG_STATE,D:\college work\Hackaton projects\new zyn\benchmarks\anpr_v2\crops\voc_dc_bus_image_000039_9NispLHmAo_obj0.jpg
10,voc_dc_license_plates_0RBAQHKIXQMDFYZD_obj0.jpg,WB42AX7446,WB42AX7446,WB22AX7Z46,WB22AX7Z46,False,False,0.8,2,0.745,2_CHAR_ERROR,D:\college work\Hackaton projects\new zyn\benchmarks\anpr_v2\crops\voc_dc_license_plates_0RBAQHKIXQMDFYZD_obj0.jpg
11,voc_dc_license_plates_0RRPJCID3RRLSFTI_obj0.jpg,MP07L7524,MP07L7524,MP07L7524,MP07L7524,True,True,1.0,0,0.8,EXACT,D:\college work\Hackaton projects\new zyn\benchmarks\anpr_v2\crops\voc_dc_license_plates_0RRPJCID3RRLSFTI_obj0.jpg
12,voc_dc_license_plates_2D9KWCA7PLD0NW31_obj0.jpg,MP04PA0434,MP04PA0434,MP04.PA.0434,MP04PA0434,True,True,1.0,0,0.724,EXACT,D:\college work\Hackaton projects\new zyn\benchmarks\anpr_v2\crops\voc_dc_license_plates_2D9KWCA7PLD0NW31_obj0.jpg
13,voc_dc_license_plates_2DZ4YT4ZJ9XJZSO0_obj0.jpg,RJ11GB1829,RJ11GB1829,RJ.11GB1829,RJ11GB1829,True,True,1.0,0,0.785,EXACT,D:\college work\Hackaton projects\new zyn\benchmarks\anpr_v2\crops\voc_dc_license_plates_2DZ4YT4ZJ9XJZSO0_obj0.jpg
14,voc_dc_license_plates_3GKHBM5PWHYXHMTE_obj0.jpg,KL41L7001,KL41L7001,KL41L7001,KL41L7001,True,True,1.0,0,0.827,EXACT,D:\college work\Hackaton projects\new zyn\benchmarks\anpr_v2\crops\voc_dc_license_plates_3GKHBM5PWHYXHMTE_obj0.jpg
15,voc_dc_license_plates_3HE1J0YIRGRDENVO_obj0.jpg,TN58D5353,TN58D5353,TN-58,TN58,False,False,0.4444,5,0.749,TWO_ROW_FAILURE,D:\college work\Hackaton projects\new zyn\benchmarks\anpr_v2\crops\voc_dc_license_plates_3HE1J0YIRGRDENVO_obj0.jpg
16,voc_dc_license_plates_7K9NEIDD2KK46L6F_obj0.jpg,KL07BX7197,KL07BX7197,KLO 07 IND,KLO07IND,False,False,0.3,7,0.662,TWO_ROW_FAILURE,D:\college work\Hackaton projects\new zyn\benchmarks\anpr_v2\crops\voc_dc_license_plates_7K9NEIDD2KK46L6F_obj0.jpg
17,voc_dc_license_plates_7L53OMODJOLUGUOE_obj0.jpg,UP84AE6664,UP84AE6664,UP84AE6664 IND AA2013376292,UP84AE6664INDAA2013376292,False,True,0.4,15,0.83,EXTRA_CHARACTER,D:\college work\Hackaton projects\new zyn\benchmarks\anpr_v2\crops\voc_dc_license_plates_7L53OMODJOLUGUOE_obj0.jpg
18,voc_dc_license_plates_VTPRN3NAPF8MUGNF_obj0.jpg,KL10AG7249,KL10AG7249,KL.10 AG.7249,KL10AG7249,True,True,1.0,0,0.82,EXACT,D:\college work\Hackaton projects\new zyn\benchmarks\anpr_v2\crops\voc_dc_license_plates_VTPRN3NAPF8MUGNF_obj0.jpg
19,voc_dc_license_plates_VYA8KOAVKLW6PJYK_obj0.jpg,TN58AP5280,TN58AP5280,TN58 AP 5280,TN58AP5280,True,True,1.0,0,0.788,EXACT,D:\college work\Hackaton projects\new zyn\benchmarks\anpr_v2\crops\voc_dc_license_plates_VYA8KOAVKLW6PJYK_obj0.jpg
20,voc_dc_license_plates_VZUYOAPZ8633ZQTN_obj0.jpg,DL3CD1210,DL3CD1210,SDL3CD.121d,SDL3CD121D,False,False,0.8,2,0.772,WRONG_STATE,D:\college work\Hackaton projects\new zyn\benchmarks\anpr_v2\crops\voc_dc_license_plates_VZUYOAPZ8633ZQTN_obj0.jpg
21,voc_dc_license_plates_W1W3000C6IAY3F1X_obj0.jpg,RJ11GB8850,RJ11GB8850,RU.11 GB:8850,RU11GB8850,False,False,0.9,1,0.638,WRONG_STATE,D:\college work\Hackaton projects\new zyn\benchmarks\anpr_v2\crops\voc_dc_license_plates_W1W3000C6IAY3F1X_obj0.jpg
22,voc_dc_tempo_van__image_000489_73h4cMU8Z1_obj0.jpg,MP13GA9462,MP13GA9462,MP13.GA.9462,MP13GA9462,True,True,1.0,0,0.766,EXACT,D:\college work\Hackaton projects\new zyn\benchmarks\anpr_v2\crops\voc_dc_tempo_van__image_000489_73h4cMU8Z1_obj0.jpg
23,voc_dc_tempo_van__image_000490_CF9bwJsyoX_obj0.jpg,KA09C2763,KA09C2763,KA09C2763,KA09C2763,True,True,1.0,0,0.791,EXACT,D:\college work\Hackaton projects\new zyn\benchmarks\anpr_v2\crops\voc_dc_tempo_van__image_000490_CF9bwJsyoX_obj0.jpg
24,voc_dc_truck_image_001561_IEhCyPTs_obj0.jpg,MH18AA1002,MH18AA1002,MH.18 AA1002,MH18AA1002,True,True,1.0,0,0.751,EXACT,D:\college work\Hackaton projects\new zyn\benchmarks\anpr_v2\crops\voc_dc_truck_image_001561_IEhCyPTs_obj0.jpg
25,voc_dc_truck_image_001564_RZeQ1TZR_obj0.jpg,KA01AJ7533,KA01AJ7533,KA0LAJ753,KA0LAJ753,False,False,0.8,2,0.697,MISSING_CHARACTER,D:\college work\Hackaton projects\new zyn\benchmarks\anpr_v2\crops\voc_dc_truck_image_001564_RZeQ1TZR_obj0.jpg
26,challenge_Datacluster_number_plates (1)_obj0.jpg,AP29AN0074,AP29AN0074,AP29 AN 0074,AP29AN0074,True,True,1.0,0,0.872,EXACT,D:\college work\Hackaton projects\new zyn\benchmarks\anpr_v2\crops\challenge_Datacluster_number_plates (1)_obj0.jpg
27,challenge_Datacluster_number_plates (101)_obj0.jpg,MH24MPL4282,MP42MG2246,MP42MG2246,MP42MG2246,False,True,0.2727,8,0.855,GROUND_TRUTH_SUSPECT,D:\college work\Hackaton projects\new zyn\benchmarks\anpr_v2\crops\challenge_Datacluster_number_plates (101)_obj0.jpg
28,challenge_Datacluster_number_plates (11)_obj0.jpg,DL3CBL1234,JH05AW21,JH05AW 21,JH05AW21,False,True,0.1,9,0.632,GROUND_TRUTH_SUSPECT,D:\college work\Hackaton projects\new zyn\benchmarks\anpr_v2\crops\challenge_Datacluster_number_plates (11)_obj0.jpg
29,challenge_Datacluster_number_plates (16)_obj0.jpg,AP09BN8123,KL02BM4659,KL02BM2659,KL02BM2659,False,False,0.2,8,0.827,GROUND_TRUTH_SUSPECT,D:\college work\Hackaton projects\new zyn\benchmarks\anpr_v2\crops\challenge_Datacluster_number_plates (16)_obj0.jpg
30,challenge_Datacluster_number_plates (18)_obj0.jpg,DL1YB6543,TN23L4547,TN-23-L4547,TN23L4547,False,True,0.2222,7,0.654,GROUND_TRUTH_SUSPECT,D:\college work\Hackaton projects\new zyn\benchmarks\anpr_v2\crops\challenge_Datacluster_number_plates (18)_obj0.jpg
31,challenge_Datacluster_number_plates (4)_obj0.jpg,HR26BC7890,BR09W7267,BR09W7267,BR09W7267,False,True,0.2,8,0.755,GROUND_TRUTH_SUSPECT,D:\college work\Hackaton projects\new zyn\benchmarks\anpr_v2\crops\challenge_Datacluster_number_plates (4)_obj0.jpg
32,challenge_Datacluster_number_plates (5)_obj0.jpg,KA04MH2345,UP64W4388,UP64W 4388 Hero,UP64W4388HERO,False,True,0.0769,12,0.762,GROUND_TRUTH_SUSPECT,D:\college work\Hackaton projects\new zyn\benchmarks\anpr_v2\crops\challenge_Datacluster_number_plates (5)_obj0.jpg
33,live_crop_cam1_1789492231910_cand0.jpg,MH01AV8866,MH01AV8866,HO1AY8GG,HO1AY8GG,False,False,0.4,6,0.647,3_PLUS_ERROR,D:\college work\Hackaton projects\new zyn\benchmarks\anpr_v2\crops\live_crop_cam1_1789492231910_cand0.jpg
34,live_crop_cam1_1789492234498_cand0.jpg,MH01AV8866,MH01AV8866,NHO1AV88G,NHO1AV88G,False,False,0.6,4,0.649,3_PLUS_ERROR,D:\college work\Hackaton projects\new zyn\benchmarks\anpr_v2\crops\live_crop_cam1_1789492234498_cand0.jpg
35,live_crop_cam1_1789492235502_cand0.jpg,MH01AV8866,MH01AV8866,HO1AY886G,HO1AY886G,False,False,0.6,4,0.667,3_PLUS_ERROR,D:\college work\Hackaton projects\new zyn\benchmarks\anpr_v2\crops\live_crop_cam1_1789492235502_cand0.jpg
36,live_crop_cam1_1789492238497_cand0.jpg,MH01AV8866,MH01AV8866,NH01AY8866,NH01AY8866,False,False,0.8,2,0.799,WRONG_STATE,D:\college work\Hackaton projects\new zyn\benchmarks\anpr_v2\crops\live_crop_cam1_1789492238497_cand0.jpg
37,live_crop_cam1_1789492252501_cand0.jpg,MH01AV8866,MH01AV8866,HO1AY88GG,HO1AY88GG,False,False,0.5,5,0.734,3_PLUS_ERROR,D:\college work\Hackaton projects\new zyn\benchmarks\anpr_v2\crops\live_crop_cam1_1789492252501_cand0.jpg
38,live_crop_cam1_1789492259500_cand0.jpg,MH01AV8866,MH01AV8866,MHO1AY8866,MHO1AY8866,False,False,0.8,2,0.793,2_CHAR_ERROR,D:\college work\Hackaton projects\new zyn\benchmarks\anpr_v2\crops\live_crop_cam1_1789492259500_cand0.jpg
39,voc_dc_auto_image_000021_bMXgvtud5K_obj0_aug_blur.jpg,KL34A465,KL34A465,KL.34 465,KL34465,False,False,0.875,1,0.671,MISSING_CHARACTER,D:\college work\Hackaton projects\new zyn\benchmarks\anpr_v2\crops\voc_dc_auto_image_000021_bMXgvtud5K_obj0_aug_blur.jpg
40,voc_dc_auto_image_000021_bMXgvtud5K_obj0_aug_dim.jpg,KL34A465,KL34A465,KL.34 A.465,KL34A465,True,True,1.0,0,0.761,EXACT,D:\college work\Hackaton projects\new zyn\benchmarks\anpr_v2\crops\voc_dc_auto_image_000021_bMXgvtud5K_obj0_aug_dim.jpg
41,voc_dc_auto_image_000021_bMXgvtud5K_obj0_aug_contrast.jpg,KL34A465,KL34A465,KL.34 A.465,KL34A465,True,True,1.0,0,0.778,EXACT,D:\college work\Hackaton projects\new zyn\benchmarks\anpr_v2\crops\voc_dc_auto_image_000021_bMXgvtud5K_obj0_aug_contrast.jpg
42,voc_dc_auto_image_000021_bMXgvtud5K_obj0_aug_jpeg.jpg,KL34A465,KL34A465,KL34 A.465,KL34A465,True,True,1.0,0,0.725,EXACT,D:\college work\Hackaton projects\new zyn\benchmarks\anpr_v2\crops\voc_dc_auto_image_000021_bMXgvtud5K_obj0_aug_jpeg.jpg
43,voc_dc_auto_image_000021_bMXgvtud5K_obj0_aug_rot.jpg,KL34A465,KL34A465,KL.34 A.465,KL34A465,True,True,1.0,0,0.782,EXACT,D:\college work\Hackaton projects\new zyn\benchmarks\anpr_v2\crops\voc_dc_auto_image_000021_bMXgvtud5K_obj0_aug_rot.jpg
44,voc_dc_auto_image_000021_bMXgvtud5K_obj1_aug_blur.jpg,KL34A465,INVALID_CROP,,,False,False,0.0,8,0.0,GROUND_TRUTH_SUSPECT,D:\college work\Hackaton projects\new zyn\benchmarks\anpr_v2\crops\voc_dc_auto_image_000021_bMXgvtud5K_obj1_aug_blur.jpg
45,voc_dc_auto_image_000021_bMXgvtud5K_obj1_aug_dim.jpg,KL34A465,INVALID_CROP,,,False,False,0.0,8,0.0,GROUND_TRUTH_SUSPECT,D:\college work\Hackaton projects\new zyn\benchmarks\anpr_v2\crops\voc_dc_auto_image_000021_bMXgvtud5K_obj1_aug_dim.jpg
46,voc_dc_auto_image_000021_bMXgvtud5K_obj1_aug_contrast.jpg,KL34A465,INVALID_CROP,,,False,False,0.0,8,0.0,GROUND_TRUTH_SUSPECT,D:\college work\Hackaton projects\new zyn\benchmarks\anpr_v2\crops\voc_dc_auto_image_000021_bMXgvtud5K_obj1_aug_contrast.jpg
47,voc_dc_auto_image_000021_bMXgvtud5K_obj1_aug_jpeg.jpg,KL34A465,INVALID_CROP,,,False,False,0.0,8,0.0,GROUND_TRUTH_SUSPECT,D:\college work\Hackaton projects\new zyn\benchmarks\anpr_v2\crops\voc_dc_auto_image_000021_bMXgvtud5K_obj1_aug_jpeg.jpg
48,voc_dc_auto_image_000021_bMXgvtud5K_obj1_aug_rot.jpg,KL34A465,INVALID_CROP,,,False,False,0.0,8,0.0,GROUND_TRUTH_SUSPECT,D:\college work\Hackaton projects\new zyn\benchmarks\anpr_v2\crops\voc_dc_auto_image_000021_bMXgvtud5K_obj1_aug_rot.jpg
49,voc_dc_auto_image_000021_bMXgvtud5K_obj2_aug_blur.jpg,KL34F,KL34F,AL348,AL348,False,False,0.6,2,0.534,GROUND_TRUTH_SUSPECT,D:\college work\Hackaton projects\new zyn\benchmarks\anpr_v2\crops\voc_dc_auto_image_000021_bMXgvtud5K_obj2_aug_blur.jpg
50,voc_dc_auto_image_000021_bMXgvtud5K_obj2_aug_dim.jpg,KL34F,KL34F,KL348,KL348,False,False,0.8,1,0.662,GROUND_TRUTH_SUSPECT,D:\college work\Hackaton projects\new zyn\benchmarks\anpr_v2\crops\voc_dc_auto_image_000021_bMXgvtud5K_obj2_aug_dim.jpg
51,voc_dc_auto_image_000021_bMXgvtud5K_obj2_aug_contrast.jpg,KL34F,KL34F,KL348,KL348,False,False,0.8,1,0.687,GROUND_TRUTH_SUSPECT,D:\college work\Hackaton projects\new zyn\benchmarks\anpr_v2\crops\voc_dc_auto_image_000021_bMXgvtud5K_obj2_aug_contrast.jpg
52,voc_dc_auto_image_000021_bMXgvtud5K_obj2_aug_jpeg.jpg,KL34F,KL34F,线348,348,False,False,0.4,3,0.308,GROUND_TRUTH_SUSPECT,D:\college work\Hackaton projects\new zyn\benchmarks\anpr_v2\crops\voc_dc_auto_image_000021_bMXgvtud5K_obj2_aug_jpeg.jpg
53,voc_dc_auto_image_000021_bMXgvtud5K_obj2_aug_rot.jpg,KL34F,KL34F,KL348,KL348,False,False,0.8,1,0.682,GROUND_TRUTH_SUSPECT,D:\college work\Hackaton projects\new zyn\benchmarks\anpr_v2\crops\voc_dc_auto_image_000021_bMXgvtud5K_obj2_aug_rot.jpg
54,voc_dc_auto_image_000021_bMXgvtud5K_obj3_aug_blur.jpg,KL35F4337,KL35F4337,L35F337,L35F337,False,False,0.7778,2,0.791,WRONG_STATE,D:\college work\Hackaton projects\new zyn\benchmarks\anpr_v2\crops\voc_dc_auto_image_000021_bMXgvtud5K_obj3_aug_blur.jpg
55,voc_dc_auto_image_000021_bMXgvtud5K_obj3_aug_dim.jpg,KL35F4337,KL35F4337,XL35F337,XL35F337,False,False,0.7778,2,0.748,WRONG_STATE,D:\college work\Hackaton projects\new zyn\benchmarks\anpr_v2\crops\voc_dc_auto_image_000021_bMXgvtud5K_obj3_aug_dim.jpg
56,voc_dc_auto_image_000021_bMXgvtud5K_obj3_aug_contrast.jpg,KL35F4337,KL35F4337,L35F337,L35F337,False,False,0.7778,2,0.772,WRONG_STATE,D:\college work\Hackaton projects\new zyn\benchmarks\anpr_v2\crops\voc_dc_auto_image_000021_bMXgvtud5K_obj3_aug_contrast.jpg
57,voc_dc_auto_image_000021_bMXgvtud5K_obj3_aug_jpeg.jpg,KL35F4337,KL35F4337,XL35F337,XL35F337,False,False,0.7778,2,0.753,WRONG_STATE,D:\college work\Hackaton projects\new zyn\benchmarks\anpr_v2\crops\voc_dc_auto_image_000021_bMXgvtud5K_obj3_aug_jpeg.jpg
58,voc_dc_auto_image_000021_bMXgvtud5K_obj3_aug_rot.jpg,KL35F4337,KL35F4337,XL35F337,XL35F337,False,False,0.7778,2,0.735,WRONG_STATE,D:\college work\Hackaton projects\new zyn\benchmarks\anpr_v2\crops\voc_dc_auto_image_000021_bMXgvtud5K_obj3_aug_rot.jpg
59,voc_dc_auto_image_000021_bMXgvtud5K_obj4_aug_blur.jpg,KL35H5834,KL35H5834,KL35H5834,KL35H5834,True,True,1.0,0,0.875,EXACT,D:\college work\Hackaton projects\new zyn\benchmarks\anpr_v2\crops\voc_dc_auto_image_000021_bMXgvtud5K_obj4_aug_blur.jpg
60,voc_dc_auto_image_000021_bMXgvtud5K_obj4_aug_dim.jpg,KL35H5834,KL35H5834,KL35H5834,KL35H5834,True,True,1.0,0,0.882,EXACT,D:\college work\Hackaton projects\new zyn\benchmarks\anpr_v2\crops\voc_dc_auto_image_000021_bMXgvtud5K_obj4_aug_dim.jpg
61,voc_dc_auto_image_000021_bMXgvtud5K_obj4_aug_contrast.jpg,KL35H5834,KL35H5834,KL35H5834,KL35H5834,True,True,1.0,0,0.886,EXACT,D:\college work\Hackaton projects\new zyn\benchmarks\anpr_v2\crops\voc_dc_auto_image_000021_bMXgvtud5K_obj4_aug_contrast.jpg
62,voc_dc_auto_image_000021_bMXgvtud5K_obj4_aug_jpeg.jpg,KL35H5834,KL35H5834,KL35H5834,KL35H5834,True,True,1.0,0,0.878,EXACT,D:\college work\Hackaton projects\new zyn\benchmarks\anpr_v2\crops\voc_dc_auto_image_000021_bMXgvtud5K_obj4_aug_jpeg.jpg
63,voc_dc_auto_image_000021_bMXgvtud5K_obj4_aug_rot.jpg,KL35H5834,KL35H5834,KL35H5834,KL35H5834,True,True,1.0,0,0.875,EXACT,D:\college work\Hackaton projects\new zyn\benchmarks\anpr_v2\crops\voc_dc_auto_image_000021_bMXgvtud5K_obj4_aug_rot.jpg
64,voc_dc_auto_image_000021_bMXgvtud5K_obj5_aug_blur.jpg,KL03S6894,KL03S6894,S60,S60,False,False,0.2222,7,0.172,LOW_QUALITY_CROP,D:\college work\Hackaton projects\new zyn\benchmarks\anpr_v2\crops\voc_dc_auto_image_000021_bMXgvtud5K_obj5_aug_blur.jpg
65,voc_dc_auto_image_000021_bMXgvtud5K_obj5_aug_dim.jpg,KL03S6894,KL03S6894,S60,S60,False,False,0.2222,7,0.111,LOW_QUALITY_CROP,D:\college work\Hackaton projects\new zyn\benchmarks\anpr_v2\crops\voc_dc_auto_image_000021_bMXgvtud5K_obj5_aug_dim.jpg
66,voc_dc_auto_image_000021_bMXgvtud5K_obj5_aug_contrast.jpg,KL03S6894,KL03S6894,568,568,False,False,0.2222,7,0.191,TWO_ROW_FAILURE,D:\college work\Hackaton projects\new zyn\benchmarks\anpr_v2\crops\voc_dc_auto_image_000021_bMXgvtud5K_obj5_aug_contrast.jpg
67,voc_dc_auto_image_000021_bMXgvtud5K_obj5_aug_jpeg.jpg,KL03S6894,KL03S6894,.,,False,False,0.0,9,0.244,TWO_ROW_FAILURE,D:\college work\Hackaton projects\new zyn\benchmarks\anpr_v2\crops\voc_dc_auto_image_000021_bMXgvtud5K_obj5_aug_jpeg.jpg
68,voc_dc_auto_image_000021_bMXgvtud5K_obj5_aug_rot.jpg,KL03S6894,KL03S6894,560,560,False,False,0.1111,8,0.179,LOW_QUALITY_CROP,D:\college work\Hackaton projects\new zyn\benchmarks\anpr_v2\crops\voc_dc_auto_image_000021_bMXgvtud5K_obj5_aug_rot.jpg
69,voc_dc_auto_image_000024_fqvRhfiO6i_obj0_aug_blur.jpg,UP84AE9889,UP84AE9889,UP84AE9889,UP84AE9889,True,True,1.0,0,0.835,EXACT,D:\college work\Hackaton projects\new zyn\benchmarks\anpr_v2\crops\voc_dc_auto_image_000024_fqvRhfiO6i_obj0_aug_blur.jpg
70,voc_dc_auto_image_000024_fqvRhfiO6i_obj0_aug_dim.jpg,UP84AE9889,UP84AE9889,UP82AE9889 NO,UP82AE9889NO,False,False,0.75,3,0.723,EXTRA_CHARACTER,D:\college work\Hackaton projects\new zyn\benchmarks\anpr_v2\crops\voc_dc_auto_image_000024_fqvRhfiO6i_obj0_aug_dim.jpg
71,voc_dc_auto_image_000024_fqvRhfiO6i_obj0_aug_contrast.jpg,UP84AE9889,UP84AE9889,UP82AE9889 NO,UP82AE9889NO,False,False,0.75,3,0.738,EXTRA_CHARACTER,D:\college work\Hackaton projects\new zyn\benchmarks\anpr_v2\crops\voc_dc_auto_image_000024_fqvRhfiO6i_obj0_aug_contrast.jpg
72,voc_dc_auto_image_000024_fqvRhfiO6i_obj0_aug_jpeg.jpg,UP84AE9889,UP84AE9889,UP8AE9889,UP8AE9889,False,False,0.9,1,0.889,MISSING_CHARACTER,D:\college work\Hackaton projects\new zyn\benchmarks\anpr_v2\crops\voc_dc_auto_image_000024_fqvRhfiO6i_obj0_aug_jpeg.jpg
73,voc_dc_auto_image_000024_fqvRhfiO6i_obj0_aug_rot.jpg,UP84AE9889,UP84AE9889,UP82AE9889,UP82AE9889,False,False,0.9,1,0.848,1_CHAR_ERROR,D:\college work\Hackaton projects\new zyn\benchmarks\anpr_v2\crops\voc_dc_auto_image_000024_fqvRhfiO6i_obj0_aug_rot.jpg
74,voc_dc_bus_image_000033_XUH0eV452t_obj0_aug_blur.jpg,GJ01DY6855,GJ01DY6855,63010Y6855,63010Y6855,False,False,0.7,3,0.742,WRONG_STATE,D:\college work\Hackaton projects\new zyn\benchmarks\anpr_v2\crops\voc_dc_bus_image_000033_XUH0eV452t_obj0_aug_blur.jpg
75,voc_dc_bus_image_000033_XUH0eV452t_obj0_aug_dim.jpg,GJ01DY6855,GJ01DY6855,6J010Y6855,6J010Y6855,False,False,0.8,2,0.782,WRONG_STATE,D:\college work\Hackaton projects\new zyn\benchmarks\anpr_v2\crops\voc_dc_bus_image_000033_XUH0eV452t_obj0_aug_dim.jpg
76,voc_dc_bus_image_000033_XUH0eV452t_obj0_aug_contrast.jpg,GJ01DY6855,GJ01DY6855,6J010Y6855,6J010Y6855,False,False,0.8,2,0.787,WRONG_STATE,D:\college work\Hackaton projects\new zyn\benchmarks\anpr_v2\crops\voc_dc_bus_image_000033_XUH0eV452t_obj0_aug_contrast.jpg
77,voc_dc_bus_image_000033_XUH0eV452t_obj0_aug_jpeg.jpg,GJ01DY6855,GJ01DY6855,G3010Y6855,G3010Y6855,False,False,0.8,2,0.791,WRONG_STATE,D:\college work\Hackaton projects\new zyn\benchmarks\anpr_v2\crops\voc_dc_bus_image_000033_XUH0eV452t_obj0_aug_jpeg.jpg
78,voc_dc_bus_image_000033_XUH0eV452t_obj0_aug_rot.jpg,GJ01DY6855,GJ01DY6855,G3010Y6855,G3010Y6855,False,False,0.8,2,0.753,WRONG_STATE,D:\college work\Hackaton projects\new zyn\benchmarks\anpr_v2\crops\voc_dc_bus_image_000033_XUH0eV452t_obj0_aug_rot.jpg
79,voc_dc_bus_image_000039_9NispLHmAo_obj0_aug_blur.jpg,KL498262,KL498262,XL49.8262,XL498262,False,False,0.875,1,0.82,WRONG_STATE,D:\college work\Hackaton projects\new zyn\benchmarks\anpr_v2\crops\voc_dc_bus_image_000039_9NispLHmAo_obj0_aug_blur.jpg
80,voc_dc_bus_image_000039_9NispLHmAo_obj0_aug_dim.jpg,KL498262,KL498262,XL49.8262,XL498262,False,False,0.875,1,0.791,WRONG_STATE,D:\college work\Hackaton projects\new zyn\benchmarks\anpr_v2\crops\voc_dc_bus_image_000039_9NispLHmAo_obj0_aug_dim.jpg
81,voc_dc_bus_image_000039_9NispLHmAo_obj0_aug_contrast.jpg,KL498262,KL498262,XL49.8262,XL498262,False,False,0.875,1,0.815,WRONG_STATE,D:\college work\Hackaton projects\new zyn\benchmarks\anpr_v2\crops\voc_dc_bus_image_000039_9NispLHmAo_obj0_aug_contrast.jpg
82,voc_dc_bus_image_000039_9NispLHmAo_obj0_aug_jpeg.jpg,KL498262,KL498262,XL49.8262,XL498262,False,False,0.875,1,0.797,WRONG_STATE,D:\college work\Hackaton projects\new zyn\benchmarks\anpr_v2\crops\voc_dc_bus_image_000039_9NispLHmAo_obj0_aug_jpeg.jpg
83,voc_dc_bus_image_000039_9NispLHmAo_obj0_aug_rot.jpg,KL498262,KL498262,XL49.8262,XL498262,False,False,0.875,1,0.825,WRONG_STATE,D:\college work\Hackaton projects\new zyn\benchmarks\anpr_v2\crops\voc_dc_bus_image_000039_9NispLHmAo_obj0_aug_rot.jpg
84,voc_dc_license_plates_0RBAQHKIXQMDFYZD_obj0_aug_blur.jpg,WB42AX7446,WB42AX7446,WB22AX7Z46,WB22AX7Z46,False,False,0.8,2,0.763,LOW_QUALITY_CROP,D:\college work\Hackaton projects\new zyn\benchmarks\anpr_v2\crops\voc_dc_license_plates_0RBAQHKIXQMDFYZD_obj0_aug_blur.jpg
85,voc_dc_license_plates_0RBAQHKIXQMDFYZD_obj0_aug_dim.jpg,WB42AX7446,WB42AX7446,WB22AX7Z46,WB22AX7Z46,False,False,0.8,2,0.742,LOW_QUALITY_CROP,D:\college work\Hackaton projects\new zyn\benchmarks\anpr_v2\crops\voc_dc_license_plates_0RBAQHKIXQMDFYZD_obj0_aug_dim.jpg
86,voc_dc_license_plates_0RBAQHKIXQMDFYZD_obj0_aug_contrast.jpg,WB42AX7446,WB42AX7446,WB22AX7Z46,WB22AX7Z46,False,False,0.8,2,0.745,2_CHAR_ERROR,D:\college work\Hackaton projects\new zyn\benchmarks\anpr_v2\crops\voc_dc_license_plates_0RBAQHKIXQMDFYZD_obj0_aug_contrast.jpg
87,voc_dc_license_plates_0RBAQHKIXQMDFYZD_obj0_aug_jpeg.jpg,WB42AX7446,WB42AX7446,WB22AX7Z46,WB22AX7Z46,False,False,0.8,2,0.763,2_CHAR_ERROR,D:\college work\Hackaton projects\new zyn\benchmarks\anpr_v2\crops\voc_dc_license_plates_0RBAQHKIXQMDFYZD_obj0_aug_jpeg.jpg
88,voc_dc_license_plates_0RBAQHKIXQMDFYZD_obj0_aug_rot.jpg,WB42AX7446,WB42AX7446,WB22AX7Z46,WB22AX7Z46,False,False,0.8,2,0.726,LOW_QUALITY_CROP,D:\college work\Hackaton projects\new zyn\benchmarks\anpr_v2\crops\voc_dc_license_plates_0RBAQHKIXQMDFYZD_obj0_aug_rot.jpg
89,voc_dc_license_plates_0RRPJCID3RRLSFTI_obj0_aug_blur.jpg,MP07L7524,MP07L7524,MP07L7524,MP07L7524,True,True,1.0,0,0.799,EXACT,D:\college work\Hackaton projects\new zyn\benchmarks\anpr_v2\crops\voc_dc_license_plates_0RRPJCID3RRLSFTI_obj0_aug_blur.jpg
90,voc_dc_license_plates_0RRPJCID3RRLSFTI_obj0_aug_dim.jpg,MP07L7524,MP07L7524,MP07L7524,MP07L7524,True,True,1.0,0,0.81,EXACT,D:\college work\Hackaton projects\new zyn\benchmarks\anpr_v2\crops\voc_dc_license_plates_0RRPJCID3RRLSFTI_obj0_aug_dim.jpg
91,voc_dc_license_plates_0RRPJCID3RRLSFTI_obj0_aug_contrast.jpg,MP07L7524,MP07L7524,MP079L7524,MP079L7524,False,False,0.9,1,0.757,1_CHAR_ERROR,D:\college work\Hackaton projects\new zyn\benchmarks\anpr_v2\crops\voc_dc_license_plates_0RRPJCID3RRLSFTI_obj0_aug_contrast.jpg
92,voc_dc_license_plates_0RRPJCID3RRLSFTI_obj0_aug_jpeg.jpg,MP07L7524,MP07L7524,MP07L7524,MP07L7524,True,True,1.0,0,0.798,EXACT,D:\college work\Hackaton projects\new zyn\benchmarks\anpr_v2\crops\voc_dc_license_plates_0RRPJCID3RRLSFTI_obj0_aug_jpeg.jpg
93,voc_dc_license_plates_0RRPJCID3RRLSFTI_obj0_aug_rot.jpg,MP07L7524,MP07L7524,MP07L7524,MP07L7524,True,True,1.0,0,0.789,EXACT,D:\college work\Hackaton projects\new zyn\benchmarks\anpr_v2\crops\voc_dc_license_plates_0RRPJCID3RRLSFTI_obj0_aug_rot.jpg
94,voc_dc_license_plates_2D9KWCA7PLD0NW31_obj0_aug_blur.jpg,MP04PA0434,MP04PA0434,MP04.PA.0434,MP04PA0434,True,True,1.0,0,0.722,EXACT,D:\college work\Hackaton projects\new zyn\benchmarks\anpr_v2\crops\voc_dc_license_plates_2D9KWCA7PLD0NW31_obj0_aug_blur.jpg
95,voc_dc_license_plates_2D9KWCA7PLD0NW31_obj0_aug_dim.jpg,MP04PA0434,MP04PA0434,MP04.PA.0434,MP04PA0434,True,True,1.0,0,0.744,EXACT,D:\college work\Hackaton projects\new zyn\benchmarks\anpr_v2\crops\voc_dc_license_plates_2D9KWCA7PLD0NW31_obj0_aug_dim.jpg
96,voc_dc_license_plates_2D9KWCA7PLD0NW31_obj0_aug_contrast.jpg,MP04PA0434,MP04PA0434,MP04.PA.0434,MP04PA0434,True,True,1.0,0,0.712,EXACT,D:\college work\Hackaton projects\new zyn\benchmarks\anpr_v2\crops\voc_dc_license_plates_2D9KWCA7PLD0NW31_obj0_aug_contrast.jpg
97,voc_dc_license_plates_2D9KWCA7PLD0NW31_obj0_aug_jpeg.jpg,MP04PA0434,MP04PA0434,MP04.PA.0434,MP04PA0434,True,True,1.0,0,0.732,EXACT,D:\college work\Hackaton projects\new zyn\benchmarks\anpr_v2\crops\voc_dc_license_plates_2D9KWCA7PLD0NW31_obj0_aug_jpeg.jpg
98,voc_dc_license_plates_2D9KWCA7PLD0NW31_obj0_aug_rot.jpg,MP04PA0434,MP04PA0434,MPO4PA0434,MPO4PA0434,False,False,0.9,1,0.791,LOW_QUALITY_CROP,D:\college work\Hackaton projects\new zyn\benchmarks\anpr_v2\crops\voc_dc_license_plates_2D9KWCA7PLD0NW31_obj0_aug_rot.jpg
99,voc_dc_license_plates_2DZ4YT4ZJ9XJZSO0_obj0_aug_blur.jpg,RJ11GB1829,RJ11GB1829,RJ.11GB1829,RJ11GB1829,True,True,1.0,0,0.718,EXACT,D:\college work\Hackaton projects\new zyn\benchmarks\anpr_v2\crops\voc_dc_license_plates_2DZ4YT4ZJ9XJZSO0_obj0_aug_blur.jpg
100,voc_dc_license_plates_2DZ4YT4ZJ9XJZSO0_obj0_aug_dim.jpg,RJ11GB1829,RJ11GB1829,RJ.11GB1829,RJ11GB1829,True,True,1.0,0,0.772,EXACT,D:\college work\Hackaton projects\new zyn\benchmarks\anpr_v2\crops\voc_dc_license_plates_2DZ4YT4ZJ9XJZSO0_obj0_aug_dim.jpg
101,voc_dc_license_plates_2DZ4YT4ZJ9XJZSO0_obj0_aug_contrast.jpg,RJ11GB1829,RJ11GB1829,RJ.11GB1829,RJ11GB1829,True,True,1.0,0,0.834,EXACT,D:\college work\Hackaton projects\new zyn\benchmarks\anpr_v2\crops\voc_dc_license_plates_2DZ4YT4ZJ9XJZSO0_obj0_aug_contrast.jpg
102,voc_dc_license_plates_2DZ4YT4ZJ9XJZSO0_obj0_aug_jpeg.jpg,RJ11GB1829,RJ11GB1829,RJ11GB1829,RJ11GB1829,True,True,1.0,0,0.801,EXACT,D:\college work\Hackaton projects\new zyn\benchmarks\anpr_v2\crops\voc_dc_license_plates_2DZ4YT4ZJ9XJZSO0_obj0_aug_jpeg.jpg
103,voc_dc_license_plates_2DZ4YT4ZJ9XJZSO0_obj0_aug_rot.jpg,RJ11GB1829,RJ11GB1829,RJ.11GB1829,RJ11GB1829,True,True,1.0,0,0.795,EXACT,D:\college work\Hackaton projects\new zyn\benchmarks\anpr_v2\crops\voc_dc_license_plates_2DZ4YT4ZJ9XJZSO0_obj0_aug_rot.jpg
104,voc_dc_license_plates_3GKHBM5PWHYXHMTE_obj0_aug_blur.jpg,KL41L7001,KL41L7001,KL41L7001,KL41L7001,True,True,1.0,0,0.84,EXACT,D:\college work\Hackaton projects\new zyn\benchmarks\anpr_v2\crops\voc_dc_license_plates_3GKHBM5PWHYXHMTE_obj0_aug_blur.jpg
105,voc_dc_license_plates_3GKHBM5PWHYXHMTE_obj0_aug_dim.jpg,KL41L7001,KL41L7001,KL41L7001,KL41L7001,True,True,1.0,0,0.82,EXACT,D:\college work\Hackaton projects\new zyn\benchmarks\anpr_v2\crops\voc_dc_license_plates_3GKHBM5PWHYXHMTE_obj0_aug_dim.jpg
106,voc_dc_license_plates_3GKHBM5PWHYXHMTE_obj0_aug_contrast.jpg,KL41L7001,KL41L7001,KL41L7001,KL41L7001,True,True,1.0,0,0.812,EXACT,D:\college work\Hackaton projects\new zyn\benchmarks\anpr_v2\crops\voc_dc_license_plates_3GKHBM5PWHYXHMTE_obj0_aug_contrast.jpg
107,voc_dc_license_plates_3GKHBM5PWHYXHMTE_obj0_aug_jpeg.jpg,KL41L7001,KL41L7001,KL41L7001,KL41L7001,True,True,1.0,0,0.835,EXACT,D:\college work\Hackaton projects\new zyn\benchmarks\anpr_v2\crops\voc_dc_license_plates_3GKHBM5PWHYXHMTE_obj0_aug_jpeg.jpg
108,voc_dc_license_plates_3GKHBM5PWHYXHMTE_obj0_aug_rot.jpg,KL41L7001,KL41L7001,KL41L7001,KL41L7001,True,True,1.0,0,0.836,EXACT,D:\college work\Hackaton projects\new zyn\benchmarks\anpr_v2\crops\voc_dc_license_plates_3GKHBM5PWHYXHMTE_obj0_aug_rot.jpg
109,voc_dc_license_plates_3HE1J0YIRGRDENVO_obj0_aug_blur.jpg,TN58D5353,TN58D5353,TN-58,TN58,False,False,0.4444,5,0.722,TWO_ROW_FAILURE,D:\college work\Hackaton projects\new zyn\benchmarks\anpr_v2\crops\voc_dc_license_plates_3HE1J0YIRGRDENVO_obj0_aug_blur.jpg
110,voc_dc_license_plates_3HE1J0YIRGRDENVO_obj0_aug_dim.jpg,TN58D5353,TN58D5353,TN-58,TN58,False,False,0.4444,5,0.745,TWO_ROW_FAILURE,D:\college work\Hackaton projects\new zyn\benchmarks\anpr_v2\crops\voc_dc_license_plates_3HE1J0YIRGRDENVO_obj0_aug_dim.jpg
111,voc_dc_license_plates_3HE1J0YIRGRDENVO_obj0_aug_contrast.jpg,TN58D5353,TN58D5353,TN-58,TN58,False,False,0.4444,5,0.732,TWO_ROW_FAILURE,D:\college work\Hackaton projects\new zyn\benchmarks\anpr_v2\crops\voc_dc_license_plates_3HE1J0YIRGRDENVO_obj0_aug_contrast.jpg
112,voc_dc_license_plates_3HE1J0YIRGRDENVO_obj0_aug_jpeg.jpg,TN58D5353,TN58D5353,TN-58,TN58,False,False,0.4444,5,0.767,TWO_ROW_FAILURE,D:\college work\Hackaton projects\new zyn\benchmarks\anpr_v2\crops\voc_dc_license_plates_3HE1J0YIRGRDENVO_obj0_aug_jpeg.jpg
113,voc_dc_license_plates_3HE1J0YIRGRDENVO_obj0_aug_rot.jpg,TN58D5353,TN58D5353,TN-58,TN58,False,False,0.4444,5,0.728,TWO_ROW_FAILURE,D:\college work\Hackaton projects\new zyn\benchmarks\anpr_v2\crops\voc_dc_license_plates_3HE1J0YIRGRDENVO_obj0_aug_rot.jpg
114,voc_dc_license_plates_7K9NEIDD2KK46L6F_obj0_aug_blur.jpg,KL07BX7197,KL07BX7197,KL 07 IND,KL07IND,False,False,0.4,6,0.659,TWO_ROW_FAILURE,D:\college work\Hackaton projects\new zyn\benchmarks\anpr_v2\crops\voc_dc_license_plates_7K9NEIDD2KK46L6F_obj0_aug_blur.jpg
115,voc_dc_license_plates_7K9NEIDD2KK46L6F_obj0_aug_dim.jpg,KL07BX7197,KL07BX7197,KLO 07 8x7197 IND,KLO078X7197IND,False,False,0.6429,5,0.679,EXTRA_CHARACTER,D:\college work\Hackaton projects\new zyn\benchmarks\anpr_v2\crops\voc_dc_license_plates_7K9NEIDD2KK46L6F_obj0_aug_dim.jpg
116,voc_dc_license_plates_7K9NEIDD2KK46L6F_obj0_aug_contrast.jpg,KL07BX7197,KL07BX7197,KLO 07 8x7197 IND,KLO078X7197IND,False,False,0.6429,5,0.656,EXTRA_CHARACTER,D:\college work\Hackaton projects\new zyn\benchmarks\anpr_v2\crops\voc_dc_license_plates_7K9NEIDD2KK46L6F_obj0_aug_contrast.jpg
117,voc_dc_license_plates_7K9NEIDD2KK46L6F_obj0_aug_jpeg.jpg,KL07BX7197,KL07BX7197,KLO 07 8x7197 IND,KLO078X7197IND,False,False,0.6429,5,0.647,EXTRA_CHARACTER,D:\college work\Hackaton projects\new zyn\benchmarks\anpr_v2\crops\voc_dc_license_plates_7K9NEIDD2KK46L6F_obj0_aug_jpeg.jpg
118,voc_dc_license_plates_7K9NEIDD2KK46L6F_obj0_aug_rot.jpg,KL07BX7197,KL07BX7197,07 KLO Bx7197 IND,07KLOBX7197IND,False,False,0.5,7,0.662,EXTRA_CHARACTER,D:\college work\Hackaton projects\new zyn\benchmarks\anpr_v2\crops\voc_dc_license_plates_7K9NEIDD2KK46L6F_obj0_aug_rot.jpg
119,voc_dc_license_plates_7L53OMODJOLUGUOE_obj0_aug_blur.jpg,UP84AE6664,UP84AE6664,UP84AE6664 IND AA2013376292,UP84AE6664INDAA2013376292,False,True,0.4,15,0.767,LOW_QUALITY_CROP,D:\college work\Hackaton projects\new zyn\benchmarks\anpr_v2\crops\voc_dc_license_plates_7L53OMODJOLUGUOE_obj0_aug_blur.jpg
120,voc_dc_license_plates_7L53OMODJOLUGUOE_obj0_aug_dim.jpg,UP84AE6664,UP84AE6664,UP84AE6664 IND AA2013376292,UP84AE6664INDAA2013376292,False,True,0.4,15,0.807,LOW_QUALITY_CROP,D:\college work\Hackaton projects\new zyn\benchmarks\anpr_v2\crops\voc_dc_license_plates_7L53OMODJOLUGUOE_obj0_aug_dim.jpg
121,voc_dc_license_plates_7L53OMODJOLUGUOE_obj0_aug_contrast.jpg,UP84AE6664,UP84AE6664,UP84AE6664 IND AA2013376292,UP84AE6664INDAA2013376292,False,True,0.4,15,0.785,EXTRA_CHARACTER,D:\college work\Hackaton projects\new zyn\benchmarks\anpr_v2\crops\voc_dc_license_plates_7L53OMODJOLUGUOE_obj0_aug_contrast.jpg
122,voc_dc_license_plates_7L53OMODJOLUGUOE_obj0_aug_jpeg.jpg,UP84AE6664,UP84AE6664,UP84AE6664 IND AA2013376292,UP84AE6664INDAA2013376292,False,True,0.4,15,0.801,LOW_QUALITY_CROP,D:\college work\Hackaton projects\new zyn\benchmarks\anpr_v2\crops\voc_dc_license_plates_7L53OMODJOLUGUOE_obj0_aug_jpeg.jpg
123,voc_dc_license_plates_7L53OMODJOLUGUOE_obj0_aug_rot.jpg,UP84AE6664,UP84AE6664,UP84AE6664 IND AA2013376292,UP84AE6664INDAA2013376292,False,True,0.4,15,0.818,LOW_QUALITY_CROP,D:\college work\Hackaton projects\new zyn\benchmarks\anpr_v2\crops\voc_dc_license_plates_7L53OMODJOLUGUOE_obj0_aug_rot.jpg
124,voc_dc_license_plates_VTPRN3NAPF8MUGNF_obj0_aug_blur.jpg,KL10AG7249,KL10AG7249,KL.10 AG.7249,KL10AG7249,True,True,1.0,0,0.788,EXACT,D:\college work\Hackaton projects\new zyn\benchmarks\anpr_v2\crops\voc_dc_license_plates_VTPRN3NAPF8MUGNF_obj0_aug_blur.jpg
125,voc_dc_license_plates_VTPRN3NAPF8MUGNF_obj0_aug_dim.jpg,KL10AG7249,KL10AG7249,KL.10 AG.7249,KL10AG7249,True,True,1.0,0,0.777,EXACT,D:\college work\Hackaton projects\new zyn\benchmarks\anpr_v2\crops\voc_dc_license_plates_VTPRN3NAPF8MUGNF_obj0_aug_dim.jpg
126,voc_dc_license_plates_VTPRN3NAPF8MUGNF_obj0_aug_contrast.jpg,KL10AG7249,KL10AG7249,KL.10 AG.7249,KL10AG7249,True,True,1.0,0,0.813,EXACT,D:\college work\Hackaton projects\new zyn\benchmarks\anpr_v2\crops\voc_dc_license_plates_VTPRN3NAPF8MUGNF_obj0_aug_contrast.jpg
127,voc_dc_license_plates_VTPRN3NAPF8MUGNF_obj0_aug_jpeg.jpg,KL10AG7249,KL10AG7249,10 KL. AG.7249,10KLAG7249,False,False,0.6,4,0.697,TWO_ROW_FAILURE,D:\college work\Hackaton projects\new zyn\benchmarks\anpr_v2\crops\voc_dc_license_plates_VTPRN3NAPF8MUGNF_obj0_aug_jpeg.jpg
128,voc_dc_license_plates_VTPRN3NAPF8MUGNF_obj0_aug_rot.jpg,KL10AG7249,KL10AG7249,KL.10 AG.7249,KL10AG7249,True,True,1.0,0,0.825,EXACT,D:\college work\Hackaton projects\new zyn\benchmarks\anpr_v2\crops\voc_dc_license_plates_VTPRN3NAPF8MUGNF_obj0_aug_rot.jpg
129,voc_dc_license_plates_VYA8KOAVKLW6PJYK_obj0_aug_blur.jpg,TN58AP5280,TN58AP5280,TN58 AP5280,TN58AP5280,True,True,1.0,0,0.826,EXACT,D:\college work\Hackaton projects\new zyn\benchmarks\anpr_v2\crops\voc_dc_license_plates_VYA8KOAVKLW6PJYK_obj0_aug_blur.jpg
130,voc_dc_license_plates_VYA8KOAVKLW6PJYK_obj0_aug_dim.jpg,TN58AP5280,TN58AP5280,TN58 AP5280,TN58AP5280,True,True,1.0,0,0.825,EXACT,D:\college work\Hackaton projects\new zyn\benchmarks\anpr_v2\crops\voc_dc_license_plates_VYA8KOAVKLW6PJYK_obj0_aug_dim.jpg
131,voc_dc_license_plates_VYA8KOAVKLW6PJYK_obj0_aug_contrast.jpg,TN58AP5280,TN58AP5280,TN58 AP 5280,TN58AP5280,True,True,1.0,0,0.779,EXACT,D:\college work\Hackaton projects\new zyn\benchmarks\anpr_v2\crops\voc_dc_license_plates_VYA8KOAVKLW6PJYK_obj0_aug_contrast.jpg
132,voc_dc_license_plates_VYA8KOAVKLW6PJYK_obj0_aug_jpeg.jpg,TN58AP5280,TN58AP5280,TN58 AP 5280,TN58AP5280,True,True,1.0,0,0.776,EXACT,D:\college work\Hackaton projects\new zyn\benchmarks\anpr_v2\crops\voc_dc_license_plates_VYA8KOAVKLW6PJYK_obj0_aug_jpeg.jpg
133,voc_dc_license_plates_VYA8KOAVKLW6PJYK_obj0_aug_rot.jpg,TN58AP5280,TN58AP5280,TN58 5280,TN585280,False,False,0.8,2,0.706,MISSING_CHARACTER,D:\college work\Hackaton projects\new zyn\benchmarks\anpr_v2\crops\voc_dc_license_plates_VYA8KOAVKLW6PJYK_obj0_aug_rot.jpg
134,voc_dc_license_plates_VZUYOAPZ8633ZQTN_obj0_aug_blur.jpg,DL3CD1210,DL3CD1210,DL3CD.1210,DL3CD1210,True,True,1.0,0,0.782,EXACT,D:\college work\Hackaton projects\new zyn\benchmarks\anpr_v2\crops\voc_dc_license_plates_VZUYOAPZ8633ZQTN_obj0_aug_blur.jpg
135,voc_dc_license_plates_VZUYOAPZ8633ZQTN_obj0_aug_dim.jpg,DL3CD1210,DL3CD1210,SDL3CD.1210,SDL3CD1210,False,True,0.9,1,0.761,EXTRA_CHARACTER,D:\college work\Hackaton projects\new zyn\benchmarks\anpr_v2\crops\voc_dc_license_plates_VZUYOAPZ8633ZQTN_obj0_aug_dim.jpg
136,voc_dc_license_plates_VZUYOAPZ8633ZQTN_obj0_aug_contrast.jpg,DL3CD1210,DL3CD1210,SDL3CD.1210,SDL3CD1210,False,True,0.9,1,0.759,EXTRA_CHARACTER,D:\college work\Hackaton projects\new zyn\benchmarks\anpr_v2\crops\voc_dc_license_plates_VZUYOAPZ8633ZQTN_obj0_aug_contrast.jpg
137,voc_dc_license_plates_VZUYOAPZ8633ZQTN_obj0_aug_jpeg.jpg,DL3CD1210,DL3CD1210,SDL3CD.1210,SDL3CD1210,False,True,0.9,1,0.772,EXTRA_CHARACTER,D:\college work\Hackaton projects\new zyn\benchmarks\anpr_v2\crops\voc_dc_license_plates_VZUYOAPZ8633ZQTN_obj0_aug_jpeg.jpg
138,voc_dc_license_plates_VZUYOAPZ8633ZQTN_obj0_aug_rot.jpg,DL3CD1210,DL3CD1210,SDL3CD.1210,SDL3CD1210,False,True,0.9,1,0.758,EXTRA_CHARACTER,D:\college work\Hackaton projects\new zyn\benchmarks\anpr_v2\crops\voc_dc_license_plates_VZUYOAPZ8633ZQTN_obj0_aug_rot.jpg
139,voc_dc_license_plates_W1W3000C6IAY3F1X_obj0_aug_blur.jpg,RJ11GB8850,RJ11GB8850,R.11 GB8850,R11GB8850,False,False,0.9,1,0.785,WRONG_STATE,D:\college work\Hackaton projects\new zyn\benchmarks\anpr_v2\crops\voc_dc_license_plates_W1W3000C6IAY3F1X_obj0_aug_blur.jpg
140,voc_dc_license_plates_W1W3000C6IAY3F1X_obj0_aug_dim.jpg,RJ11GB8850,RJ11GB8850,ZRG88850,ZRG88850,False,False,0.5,5,0.619,3_PLUS_ERROR,D:\college work\Hackaton projects\new zyn\benchmarks\anpr_v2\crops\voc_dc_license_plates_W1W3000C6IAY3F1X_obj0_aug_dim.jpg
141,voc_dc_license_plates_W1W3000C6IAY3F1X_obj0_aug_contrast.jpg,RJ11GB8850,RJ11GB8850,R.11 GB8850,R11GB8850,False,False,0.9,1,0.744,WRONG_STATE,D:\college work\Hackaton projects\new zyn\benchmarks\anpr_v2\crops\voc_dc_license_plates_W1W3000C6IAY3F1X_obj0_aug_contrast.jpg
142,voc_dc_license_plates_W1W3000C6IAY3F1X_obj0_aug_jpeg.jpg,RJ11GB8850,RJ11GB8850,RJ.11 GB8850,RJ11GB8850,True,True,1.0,0,0.733,EXACT,D:\college work\Hackaton projects\new zyn\benchmarks\anpr_v2\crops\voc_dc_license_plates_W1W3000C6IAY3F1X_obj0_aug_jpeg.jpg
143,voc_dc_license_plates_W1W3000C6IAY3F1X_obj0_aug_rot.jpg,RJ11GB8850,RJ11GB8850,7RGR8850,7RGR8850,False,False,0.5,5,0.63,3_PLUS_ERROR,D:\college work\Hackaton projects\new zyn\benchmarks\anpr_v2\crops\voc_dc_license_plates_W1W3000C6IAY3F1X_obj0_aug_rot.jpg
144,voc_dc_tempo_van__image_000489_73h4cMU8Z1_obj0_aug_blur.jpg,MP13GA9462,MP13GA9462,MP13.GA.9462,MP13GA9462,True,True,1.0,0,0.859,EXACT,D:\college work\Hackaton projects\new zyn\benchmarks\anpr_v2\crops\voc_dc_tempo_van__image_000489_73h4cMU8Z1_obj0_aug_blur.jpg
145,voc_dc_tempo_van__image_000489_73h4cMU8Z1_obj0_aug_dim.jpg,MP13GA9462,MP13GA9462,MP13.GA.9462,MP13GA9462,True,True,1.0,0,0.809,EXACT,D:\college work\Hackaton projects\new zyn\benchmarks\anpr_v2\crops\voc_dc_tempo_van__image_000489_73h4cMU8Z1_obj0_aug_dim.jpg
146,voc_dc_tempo_van__image_000489_73h4cMU8Z1_obj0_aug_contrast.jpg,MP13GA9462,MP13GA9462,MP13.GA.9462,MP13GA9462,True,True,1.0,0,0.821,EXACT,D:\college work\Hackaton projects\new zyn\benchmarks\anpr_v2\crops\voc_dc_tempo_van__image_000489_73h4cMU8Z1_obj0_aug_contrast.jpg
147,voc_dc_tempo_van__image_000489_73h4cMU8Z1_obj0_aug_jpeg.jpg,MP13GA9462,MP13GA9462,MP13.GA.9462,MP13GA9462,True,True,1.0,0,0.862,EXACT,D:\college work\Hackaton projects\new zyn\benchmarks\anpr_v2\crops\voc_dc_tempo_van__image_000489_73h4cMU8Z1_obj0_aug_jpeg.jpg
148,voc_dc_tempo_van__image_000489_73h4cMU8Z1_obj0_aug_rot.jpg,MP13GA9462,MP13GA9462,MP13.GA.9462,MP13GA9462,True,True,1.0,0,0.858,EXACT,D:\college work\Hackaton projects\new zyn\benchmarks\anpr_v2\crops\voc_dc_tempo_van__image_000489_73h4cMU8Z1_obj0_aug_rot.jpg
149,voc_dc_tempo_van__image_000490_CF9bwJsyoX_obj0_aug_blur.jpg,KA09C2763,KA09C2763,KA09C2763,KA09C2763,True,True,1.0,0,0.777,EXACT,D:\college work\Hackaton projects\new zyn\benchmarks\anpr_v2\crops\voc_dc_tempo_van__image_000490_CF9bwJsyoX_obj0_aug_blur.jpg
150,voc_dc_tempo_van__image_000490_CF9bwJsyoX_obj0_aug_dim.jpg,KA09C2763,KA09C2763,KA09C2763,KA09C2763,True,True,1.0,0,0.817,EXACT,D:\college work\Hackaton projects\new zyn\benchmarks\anpr_v2\crops\voc_dc_tempo_van__image_000490_CF9bwJsyoX_obj0_aug_dim.jpg
151,voc_dc_tempo_van__image_000490_CF9bwJsyoX_obj0_aug_contrast.jpg,KA09C2763,KA09C2763,KA09C2763,KA09C2763,True,True,1.0,0,0.838,EXACT,D:\college work\Hackaton projects\new zyn\benchmarks\anpr_v2\crops\voc_dc_tempo_van__image_000490_CF9bwJsyoX_obj0_aug_contrast.jpg
152,voc_dc_tempo_van__image_000490_CF9bwJsyoX_obj0_aug_jpeg.jpg,KA09C2763,KA09C2763,KA09C2763,KA09C2763,True,True,1.0,0,0.815,EXACT,D:\college work\Hackaton projects\new zyn\benchmarks\anpr_v2\crops\voc_dc_tempo_van__image_000490_CF9bwJsyoX_obj0_aug_jpeg.jpg
153,voc_dc_tempo_van__image_000490_CF9bwJsyoX_obj0_aug_rot.jpg,KA09C2763,KA09C2763,KA09C2763,KA09C2763,True,True,1.0,0,0.842,EXACT,D:\college work\Hackaton projects\new zyn\benchmarks\anpr_v2\crops\voc_dc_tempo_van__image_000490_CF9bwJsyoX_obj0_aug_rot.jpg
154,voc_dc_truck_image_001561_IEhCyPTs_obj0_aug_blur.jpg,MH18AA1002,MH18AA1002,MH.18 AA1002,MH18AA1002,True,True,1.0,0,0.759,EXACT,D:\college work\Hackaton projects\new zyn\benchmarks\anpr_v2\crops\voc_dc_truck_image_001561_IEhCyPTs_obj0_aug_blur.jpg
155,voc_dc_truck_image_001561_IEhCyPTs_obj0_aug_dim.jpg,MH18AA1002,MH18AA1002,MH.18 AA.1002,MH18AA1002,True,True,1.0,0,0.762,EXACT,D:\college work\Hackaton projects\new zyn\benchmarks\anpr_v2\crops\voc_dc_truck_image_001561_IEhCyPTs_obj0_aug_dim.jpg
156,voc_dc_truck_image_001561_IEhCyPTs_obj0_aug_contrast.jpg,MH18AA1002,MH18AA1002,MH.18 AA.1002,MH18AA1002,True,True,1.0,0,0.731,EXACT,D:\college work\Hackaton projects\new zyn\benchmarks\anpr_v2\crops\voc_dc_truck_image_001561_IEhCyPTs_obj0_aug_contrast.jpg
157,voc_dc_truck_image_001561_IEhCyPTs_obj0_aug_jpeg.jpg,MH18AA1002,MH18AA1002,MH.18 AA1002,MH18AA1002,True,True,1.0,0,0.777,EXACT,D:\college work\Hackaton projects\new zyn\benchmarks\anpr_v2\crops\voc_dc_truck_image_001561_IEhCyPTs_obj0_aug_jpeg.jpg
158,voc_dc_truck_image_001561_IEhCyPTs_obj0_aug_rot.jpg,MH18AA1002,MH18AA1002,MH.18 AA.1002,MH18AA1002,True,True,1.0,0,0.815,EXACT,D:\college work\Hackaton projects\new zyn\benchmarks\anpr_v2\crops\voc_dc_truck_image_001561_IEhCyPTs_obj0_aug_rot.jpg
159,voc_dc_truck_image_001564_RZeQ1TZR_obj0_aug_blur.jpg,KA01AJ7533,KA01AJ7533,KA0LAJ753,KA0LAJ753,False,False,0.8,2,0.688,LOW_QUALITY_CROP,D:\college work\Hackaton projects\new zyn\benchmarks\anpr_v2\crops\voc_dc_truck_image_001564_RZeQ1TZR_obj0_aug_blur.jpg
160,voc_dc_truck_image_001564_RZeQ1TZR_obj0_aug_dim.jpg,KA01AJ7533,KA01AJ7533,KA0LAJ753,KA0LAJ753,False,False,0.8,2,0.678,MISSING_CHARACTER,D:\college work\Hackaton projects\new zyn\benchmarks\anpr_v2\crops\voc_dc_truck_image_001564_RZeQ1TZR_obj0_aug_dim.jpg
161,voc_dc_truck_image_001564_RZeQ1TZR_obj0_aug_contrast.jpg,KA01AJ7533,KA01AJ7533,KA0LAJ753,KA0LAJ753,False,False,0.8,2,0.705,MISSING_CHARACTER,D:\college work\Hackaton projects\new zyn\benchmarks\anpr_v2\crops\voc_dc_truck_image_001564_RZeQ1TZR_obj0_aug_contrast.jpg
162,voc_dc_truck_image_001564_RZeQ1TZR_obj0_aug_jpeg.jpg,KA01AJ7533,KA01AJ7533,KA0LAJ753,KA0LAJ753,False,False,0.8,2,0.639,LOW_QUALITY_CROP,D:\college work\Hackaton projects\new zyn\benchmarks\anpr_v2\crops\voc_dc_truck_image_001564_RZeQ1TZR_obj0_aug_jpeg.jpg
163,voc_dc_truck_image_001564_RZeQ1TZR_obj0_aug_rot.jpg,KA01AJ7533,KA01AJ7533,KA0LAJ7533,KA0LAJ7533,False,False,0.9,1,0.686,LOW_QUALITY_CROP,D:\college work\Hackaton projects\new zyn\benchmarks\anpr_v2\crops\voc_dc_truck_image_001564_RZeQ1TZR_obj0_aug_rot.jpg
164,challenge_Datacluster_number_plates (1)_obj0_aug_blur.jpg,AP29AN0074,AP29AN0074,AP29 AN 0074,AP29AN0074,True,True,1.0,0,0.849,EXACT,D:\college work\Hackaton projects\new zyn\benchmarks\anpr_v2\crops\challenge_Datacluster_number_plates (1)_obj0_aug_blur.jpg
165,challenge_Datacluster_number_plates (1)_obj0_aug_dim.jpg,AP29AN0074,AP29AN0074,AP29 AN0074,AP29AN0074,True,True,1.0,0,0.849,EXACT,D:\college work\Hackaton projects\new zyn\benchmarks\anpr_v2\crops\challenge_Datacluster_number_plates (1)_obj0_aug_dim.jpg
166,challenge_Datacluster_number_plates (1)_obj0_aug_contrast.jpg,AP29AN0074,AP29AN0074,AP29 AN 0074,AP29AN0074,True,True,1.0,0,0.828,EXACT,D:\college work\Hackaton projects\new zyn\benchmarks\anpr_v2\crops\challenge_Datacluster_number_plates (1)_obj0_aug_contrast.jpg
167,challenge_Datacluster_number_plates (1)_obj0_aug_jpeg.jpg,AP29AN0074,AP29AN0074,AP29 AN0074,AP29AN0074,True,True,1.0,0,0.834,EXACT,D:\college work\Hackaton projects\new zyn\benchmarks\anpr_v2\crops\challenge_Datacluster_number_plates (1)_obj0_aug_jpeg.jpg
168,challenge_Datacluster_number_plates (1)_obj0_aug_rot.jpg,AP29AN0074,AP29AN0074,AP29 AN 0074,AP29AN0074,True,True,1.0,0,0.909,EXACT,D:\college work\Hackaton projects\new zyn\benchmarks\anpr_v2\crops\challenge_Datacluster_number_plates (1)_obj0_aug_rot.jpg
169,challenge_Datacluster_number_plates (101)_obj0_aug_blur.jpg,MH24MPL4282,MP42MG2246,MG2246 MP42,MG2246MP42,False,False,0.4545,6,0.783,GROUND_TRUTH_SUSPECT,D:\college work\Hackaton projects\new zyn\benchmarks\anpr_v2\crops\challenge_Datacluster_number_plates (101)_obj0_aug_blur.jpg
170,challenge_Datacluster_number_plates (101)_obj0_aug_dim.jpg,MH24MPL4282,MP42MG2246,MG2246 MP42OM,MG2246MP42OM,False,False,0.5,6,0.772,GROUND_TRUTH_SUSPECT,D:\college work\Hackaton projects\new zyn\benchmarks\anpr_v2\crops\challenge_Datacluster_number_plates (101)_obj0_aug_dim.jpg
171,challenge_Datacluster_number_plates (101)_obj0_aug_contrast.jpg,MH24MPL4282,MP42MG2246,MP42·MG2246,MP42MG2246,False,True,0.2727,8,0.842,GROUND_TRUTH_SUSPECT,D:\college work\Hackaton projects\new zyn\benchmarks\anpr_v2\crops\challenge_Datacluster_number_plates (101)_obj0_aug_contrast.jpg
172,challenge_Datacluster_number_plates (101)_obj0_aug_jpeg.jpg,MH24MPL4282,MP42MG2246,MP42MG02246,MP42MG02246,False,False,0.2727,8,0.818,GROUND_TRUTH_SUSPECT,D:\college work\Hackaton projects\new zyn\benchmarks\anpr_v2\crops\challenge_Datacluster_number_plates (101)_obj0_aug_jpeg.jpg
173,challenge_Datacluster_number_plates (101)_obj0_aug_rot.jpg,MH24MPL4282,MP42MG2246,MP42MG2246,MP42MG2246,False,True,0.2727,8,0.892,GROUND_TRUTH_SUSPECT,D:\college work\Hackaton projects\new zyn\benchmarks\anpr_v2\crops\challenge_Datacluster_number_plates (101)_obj0_aug_rot.jpg
174,challenge_Datacluster_number_plates (11)_obj0_aug_blur.jpg,DL3CBL1234,JH05AW21,JH05AW 21,JH05AW21,False,True,0.1,9,0.662,GROUND_TRUTH_SUSPECT,D:\college work\Hackaton projects\new zyn\benchmarks\anpr_v2\crops\challenge_Datacluster_number_plates (11)_obj0_aug_blur.jpg
175,challenge_Datacluster_number_plates (11)_obj0_aug_dim.jpg,DL3CBL1234,JH05AW21,JH05AW 17 21,JH05AW1721,False,False,0.1,9,0.614,GROUND_TRUTH_SUSPECT,D:\college work\Hackaton projects\new zyn\benchmarks\anpr_v2\crops\challenge_Datacluster_number_plates (11)_obj0_aug_dim.jpg
176,challenge_Datacluster_number_plates (11)_obj0_aug_contrast.jpg,DL3CBL1234,JH05AW21,JH05AW 21,JH05AW21,False,True,0.1,9,0.741,GROUND_TRUTH_SUSPECT,D:\college work\Hackaton projects\new zyn\benchmarks\anpr_v2\crops\challenge_Datacluster_number_plates (11)_obj0_aug_contrast.jpg
177,challenge_Datacluster_number_plates (11)_obj0_aug_jpeg.jpg,DL3CBL1234,JH05AW21,JH05AW 21,JH05AW21,False,True,0.1,9,0.632,GROUND_TRUTH_SUSPECT,D:\college work\Hackaton projects\new zyn\benchmarks\anpr_v2\crops\challenge_Datacluster_number_plates (11)_obj0_aug_jpeg.jpg
178,challenge_Datacluster_number_plates (11)_obj0_aug_rot.jpg,DL3CBL1234,JH05AW21,JH05AW,JH05AW,False,False,0.0,10,0.84,GROUND_TRUTH_SUSPECT,D:\college work\Hackaton projects\new zyn\benchmarks\anpr_v2\crops\challenge_Datacluster_number_plates (11)_obj0_aug_rot.jpg
179,challenge_Datacluster_number_plates (16)_obj0_aug_blur.jpg,AP09BN8123,KL02BM4659,KL02BM2659,KL02BM2659,False,False,0.2,8,0.794,GROUND_TRUTH_SUSPECT,D:\college work\Hackaton projects\new zyn\benchmarks\anpr_v2\crops\challenge_Datacluster_number_plates (16)_obj0_aug_blur.jpg
180,challenge_Datacluster_number_plates (16)_obj0_aug_dim.jpg,AP09BN8123,KL02BM4659,KL02BM4659,KL02BM4659,False,True,0.2,8,0.782,GROUND_TRUTH_SUSPECT,D:\college work\Hackaton projects\new zyn\benchmarks\anpr_v2\crops\challenge_Datacluster_number_plates (16)_obj0_aug_dim.jpg
181,challenge_Datacluster_number_plates (16)_obj0_aug_contrast.jpg,AP09BN8123,KL02BM4659,KL02BM2659,KL02BM2659,False,False,0.2,8,0.828,GROUND_TRUTH_SUSPECT,D:\college work\Hackaton projects\new zyn\benchmarks\anpr_v2\crops\challenge_Datacluster_number_plates (16)_obj0_aug_contrast.jpg
182,challenge_Datacluster_number_plates (16)_obj0_aug_jpeg.jpg,AP09BN8123,KL02BM4659,KL02BM4659,KL02BM4659,False,True,0.2,8,0.789,GROUND_TRUTH_SUSPECT,D:\college work\Hackaton projects\new zyn\benchmarks\anpr_v2\crops\challenge_Datacluster_number_plates (16)_obj0_aug_jpeg.jpg
183,challenge_Datacluster_number_plates (16)_obj0_aug_rot.jpg,AP09BN8123,KL02BM4659,KL02BM4659,KL02BM4659,False,True,0.2,8,0.847,GROUND_TRUTH_SUSPECT,D:\college work\Hackaton projects\new zyn\benchmarks\anpr_v2\crops\challenge_Datacluster_number_plates (16)_obj0_aug_rot.jpg
184,challenge_Datacluster_number_plates (18)_obj0_aug_blur.jpg,DL1YB6543,TN23L4547,TN-23-547,TN23547,False,False,0.2222,7,0.669,GROUND_TRUTH_SUSPECT,D:\college work\Hackaton projects\new zyn\benchmarks\anpr_v2\crops\challenge_Datacluster_number_plates (18)_obj0_aug_blur.jpg
185,challenge_Datacluster_number_plates (18)_obj0_aug_dim.jpg,DL1YB6543,TN23L4547,TN-23547,TN23547,False,False,0.2222,7,0.645,GROUND_TRUTH_SUSPECT,D:\college work\Hackaton projects\new zyn\benchmarks\anpr_v2\crops\challenge_Datacluster_number_plates (18)_obj0_aug_dim.jpg
186,challenge_Datacluster_number_plates (18)_obj0_aug_contrast.jpg,DL1YB6543,TN23L4547,TN-23-L4547,TN23L4547,False,True,0.2222,7,0.662,GROUND_TRUTH_SUSPECT,D:\college work\Hackaton projects\new zyn\benchmarks\anpr_v2\crops\challenge_Datacluster_number_plates (18)_obj0_aug_contrast.jpg
187,challenge_Datacluster_number_plates (18)_obj0_aug_jpeg.jpg,DL1YB6543,TN23L4547,TN-23-L4547,TN23L4547,False,True,0.2222,7,0.671,GROUND_TRUTH_SUSPECT,D:\college work\Hackaton projects\new zyn\benchmarks\anpr_v2\crops\challenge_Datacluster_number_plates (18)_obj0_aug_jpeg.jpg
188,challenge_Datacluster_number_plates (18)_obj0_aug_rot.jpg,DL1YB6543,TN23L4547,TN23L4547,TN23L4547,False,True,0.2222,7,0.672,GROUND_TRUTH_SUSPECT,D:\college work\Hackaton projects\new zyn\benchmarks\anpr_v2\crops\challenge_Datacluster_number_plates (18)_obj0_aug_rot.jpg
189,challenge_Datacluster_number_plates (4)_obj0_aug_blur.jpg,HR26BC7890,BR09W7267,BR09-7267,BR097267,False,False,0.2,8,0.829,GROUND_TRUTH_SUSPECT,D:\college work\Hackaton projects\new zyn\benchmarks\anpr_v2\crops\challenge_Datacluster_number_plates (4)_obj0_aug_blur.jpg
190,challenge_Datacluster_number_plates (4)_obj0_aug_dim.jpg,HR26BC7890,BR09W7267,BR09W7267,BR09W7267,False,True,0.2,8,0.81,GROUND_TRUTH_SUSPECT,D:\college work\Hackaton projects\new zyn\benchmarks\anpr_v2\crops\challenge_Datacluster_number_plates (4)_obj0_aug_dim.jpg
191,challenge_Datacluster_number_plates (4)_obj0_aug_contrast.jpg,HR26BC7890,BR09W7267,BR09W-7267,BR09W7267,False,True,0.2,8,0.724,GROUND_TRUTH_SUSPECT,D:\college work\Hackaton projects\new zyn\benchmarks\anpr_v2\crops\challenge_Datacluster_number_plates (4)_obj0_aug_contrast.jpg
192,challenge_Datacluster_number_plates (4)_obj0_aug_jpeg.jpg,HR26BC7890,BR09W7267,BR09V-7267,BR09V7267,False,False,0.2,8,0.676,GROUND_TRUTH_SUSPECT,D:\college work\Hackaton projects\new zyn\benchmarks\anpr_v2\crops\challenge_Datacluster_number_plates (4)_obj0_aug_jpeg.jpg
193,challenge_Datacluster_number_plates (4)_obj0_aug_rot.jpg,HR26BC7890,BR09W7267,BR09-7267,BR097267,False,False,0.2,8,0.801,GROUND_TRUTH_SUSPECT,D:\college work\Hackaton projects\new zyn\benchmarks\anpr_v2\crops\challenge_Datacluster_number_plates (4)_obj0_aug_rot.jpg
194,challenge_Datacluster_number_plates (5)_obj0_aug_blur.jpg,KA04MH2345,UP64W4388,UP64W 4388,UP64W4388,False,True,0.2,8,0.813,GROUND_TRUTH_SUSPECT,D:\college work\Hackaton projects\new zyn\benchmarks\anpr_v2\crops\challenge_Datacluster_number_plates (5)_obj0_aug_blur.jpg
195,challenge_Datacluster_number_plates (5)_obj0_aug_dim.jpg,KA04MH2345,UP64W4388,UP64W 4388 Hero,UP64W4388HERO,False,True,0.0769,12,0.793,GROUND_TRUTH_SUSPECT,D:\college work\Hackaton projects\new zyn\benchmarks\anpr_v2\crops\challenge_Datacluster_number_plates (5)_obj0_aug_dim.jpg
196,challenge_Datacluster_number_plates (5)_obj0_aug_contrast.jpg,KA04MH2345,UP64W4388,UP64W 4388 Hero,UP64W4388HERO,False,True,0.0769,12,0.774,GROUND_TRUTH_SUSPECT,D:\college work\Hackaton projects\new zyn\benchmarks\anpr_v2\crops\challenge_Datacluster_number_plates (5)_obj0_aug_contrast.jpg
197,challenge_Datacluster_number_plates (5)_obj0_aug_jpeg.jpg,KA04MH2345,UP64W4388,UP64W 4388 Hero,UP64W4388HERO,False,True,0.0769,12,0.77,GROUND_TRUTH_SUSPECT,D:\college work\Hackaton projects\new zyn\benchmarks\anpr_v2\crops\challenge_Datacluster_number_plates (5)_obj0_aug_jpeg.jpg
198,challenge_Datacluster_number_plates (5)_obj0_aug_rot.jpg,KA04MH2345,UP64W4388,UP64W 4388,UP64W4388,False,True,0.2,8,0.786,GROUND_TRUTH_SUSPECT,D:\college work\Hackaton projects\new zyn\benchmarks\anpr_v2\crops\challenge_Datacluster_number_plates (5)_obj0_aug_rot.jpg
199,live_crop_cam1_1789492231910_cand0_aug_blur.jpg,MH01AV8866,MH01AV8866,MH01AY8866,MH01AY8866,False,False,0.9,1,0.814,1_CHAR_ERROR,D:\college work\Hackaton projects\new zyn\benchmarks\anpr_v2\crops\live_crop_cam1_1789492231910_cand0_aug_blur.jpg
200,live_crop_cam1_1789492231910_cand0_aug_dim.jpg,MH01AV8866,MH01AV8866,HO1AYBGG,HO1AYBGG,False,False,0.3,7,0.667,3_PLUS_ERROR,D:\college work\Hackaton projects\new zyn\benchmarks\anpr_v2\crops\live_crop_cam1_1789492231910_cand0_aug_dim.jpg
201,live_crop_cam1_1789492231910_cand0_aug_contrast.jpg,MH01AV8866,MH01AV8866,HH01AV8866,HH01AV8866,False,False,0.9,1,0.772,WRONG_STATE,D:\college work\Hackaton projects\new zyn\benchmarks\anpr_v2\crops\live_crop_cam1_1789492231910_cand0_aug_contrast.jpg
202,live_crop_cam1_1789492231910_cand0_aug_jpeg.jpg,MH01AV8866,MH01AV8866,MH01AV8866,MH01AV8866,True,True,1.0,0,0.815,EXACT,D:\college work\Hackaton projects\new zyn\benchmarks\anpr_v2\crops\live_crop_cam1_1789492231910_cand0_aug_jpeg.jpg
203,live_crop_cam1_1789492231910_cand0_aug_rot.jpg,MH01AV8866,MH01AV8866,HO1AY8GG,HO1AY8GG,False,False,0.4,6,0.604,3_PLUS_ERROR,D:\college work\Hackaton projects\new zyn\benchmarks\anpr_v2\crops\live_crop_cam1_1789492231910_cand0_aug_rot.jpg
204,live_crop_cam1_1789492234498_cand0_aug_blur.jpg,MH01AV8866,MH01AV8866,NHO1AV88G,NHO1AV88G,False,False,0.6,4,0.615,3_PLUS_ERROR,D:\college work\Hackaton projects\new zyn\benchmarks\anpr_v2\crops\live_crop_cam1_1789492234498_cand0_aug_blur.jpg
205,live_crop_cam1_1789492234498_cand0_aug_dim.jpg,MH01AV8866,MH01AV8866,NHO1AY88G,NHO1AY88G,False,False,0.5,5,0.682,3_PLUS_ERROR,D:\college work\Hackaton projects\new zyn\benchmarks\anpr_v2\crops\live_crop_cam1_1789492234498_cand0_aug_dim.jpg
206,live_crop_cam1_1789492234498_cand0_aug_contrast.jpg,MH01AV8866,MH01AV8866,MHO1AV8866,MHO1AV8866,False,False,0.9,1,0.613,1_CHAR_ERROR,D:\college work\Hackaton projects\new zyn\benchmarks\anpr_v2\crops\live_crop_cam1_1789492234498_cand0_aug_contrast.jpg
207,live_crop_cam1_1789492234498_cand0_aug_jpeg.jpg,MH01AV8866,MH01AV8866,HHOTAV8SG,HHOTAV8SG,False,False,0.4,6,0.611,3_PLUS_ERROR,D:\college work\Hackaton projects\new zyn\benchmarks\anpr_v2\crops\live_crop_cam1_1789492234498_cand0_aug_jpeg.jpg
208,live_crop_cam1_1789492234498_cand0_aug_rot.jpg,MH01AV8866,MH01AV8866,HHO1AV88G,HHO1AV88G,False,False,0.6,4,0.624,3_PLUS_ERROR,D:\college work\Hackaton projects\new zyn\benchmarks\anpr_v2\crops\live_crop_cam1_1789492234498_cand0_aug_rot.jpg
209,live_crop_cam1_1789492235502_cand0_aug_blur.jpg,MH01AV8866,MH01AV8866,HO1AY886G,HO1AY886G,False,False,0.6,4,0.616,3_PLUS_ERROR,D:\college work\Hackaton projects\new zyn\benchmarks\anpr_v2\crops\live_crop_cam1_1789492235502_cand0_aug_blur.jpg
210,live_crop_cam1_1789492235502_cand0_aug_dim.jpg,MH01AV8866,MH01AV8866,HO1AY886G,HO1AY886G,False,False,0.6,4,0.668,3_PLUS_ERROR,D:\college work\Hackaton projects\new zyn\benchmarks\anpr_v2\crops\live_crop_cam1_1789492235502_cand0_aug_dim.jpg
211,live_crop_cam1_1789492235502_cand0_aug_contrast.jpg,MH01AV8866,MH01AV8866,HO1AV886G,HO1AV886G,False,False,0.7,3,0.622,WRONG_STATE,D:\college work\Hackaton projects\new zyn\benchmarks\anpr_v2\crops\live_crop_cam1_1789492235502_cand0_aug_contrast.jpg
212,live_crop_cam1_1789492235502_cand0_aug_jpeg.jpg,MH01AV8866,MH01AV8866,HO1AY886G,HO1AY886G,False,False,0.6,4,0.607,3_PLUS_ERROR,D:\college work\Hackaton projects\new zyn\benchmarks\anpr_v2\crops\live_crop_cam1_1789492235502_cand0_aug_jpeg.jpg
213,live_crop_cam1_1789492235502_cand0_aug_rot.jpg,MH01AV8866,MH01AV8866,HQ1AY88GG,HQ1AY88GG,False,False,0.5,5,0.646,3_PLUS_ERROR,D:\college work\Hackaton projects\new zyn\benchmarks\anpr_v2\crops\live_crop_cam1_1789492235502_cand0_aug_rot.jpg
214,live_crop_cam1_1789492238497_cand0_aug_blur.jpg,MH01AV8866,MH01AV8866,NH01AV8866,NH01AV8866,False,False,0.9,1,0.827,WRONG_STATE,D:\college work\Hackaton projects\new zyn\benchmarks\anpr_v2\crops\live_crop_cam1_1789492238497_cand0_aug_blur.jpg
215,live_crop_cam1_1789492238497_cand0_aug_dim.jpg,MH01AV8866,MH01AV8866,HHO1A8866,HHO1A8866,False,False,0.7,3,0.607,WRONG_STATE,D:\college work\Hackaton projects\new zyn\benchmarks\anpr_v2\crops\live_crop_cam1_1789492238497_cand0_aug_dim.jpg
216,live_crop_cam1_1789492238497_cand0_aug_contrast.jpg,MH01AV8866,MH01AV8866,HHO1A8866,HHO1A8866,False,False,0.7,3,0.615,WRONG_STATE,D:\college work\Hackaton projects\new zyn\benchmarks\anpr_v2\crops\live_crop_cam1_1789492238497_cand0_aug_contrast.jpg
217,live_crop_cam1_1789492238497_cand0_aug_jpeg.jpg,MH01AV8866,MH01AV8866,MH01AV8866,MH01AV8866,True,True,1.0,0,0.763,EXACT,D:\college work\Hackaton projects\new zyn\benchmarks\anpr_v2\crops\live_crop_cam1_1789492238497_cand0_aug_jpeg.jpg
218,live_crop_cam1_1789492238497_cand0_aug_rot.jpg,MH01AV8866,MH01AV8866,MH01AV8866,MH01AV8866,True,True,1.0,0,0.779,EXACT,D:\college work\Hackaton projects\new zyn\benchmarks\anpr_v2\crops\live_crop_cam1_1789492238497_cand0_aug_rot.jpg
219,live_crop_cam1_1789492252501_cand0_aug_blur.jpg,MH01AV8866,MH01AV8866,HO1AY88GG,HO1AY88GG,False,False,0.5,5,0.648,3_PLUS_ERROR,D:\college work\Hackaton projects\new zyn\benchmarks\anpr_v2\crops\live_crop_cam1_1789492252501_cand0_aug_blur.jpg
220,live_crop_cam1_1789492252501_cand0_aug_dim.jpg,MH01AV8866,MH01AV8866,HO1AY88GG,HO1AY88GG,False,False,0.5,5,0.713,3_PLUS_ERROR,D:\college work\Hackaton projects\new zyn\benchmarks\anpr_v2\crops\live_crop_cam1_1789492252501_cand0_aug_dim.jpg
221,live_crop_cam1_1789492252501_cand0_aug_contrast.jpg,MH01AV8866,MH01AV8866,HO1AY88GG,HO1AY88GG,False,False,0.5,5,0.639,3_PLUS_ERROR,D:\college work\Hackaton projects\new zyn\benchmarks\anpr_v2\crops\live_crop_cam1_1789492252501_cand0_aug_contrast.jpg
222,live_crop_cam1_1789492252501_cand0_aug_jpeg.jpg,MH01AV8866,MH01AV8866,MHO1AV8866,MHO1AV8866,False,False,0.9,1,0.839,1_CHAR_ERROR,D:\college work\Hackaton projects\new zyn\benchmarks\anpr_v2\crops\live_crop_cam1_1789492252501_cand0_aug_jpeg.jpg
223,live_crop_cam1_1789492252501_cand0_aug_rot.jpg,MH01AV8866,MH01AV8866,HO1AY88GG,HO1AY88GG,False,False,0.5,5,0.741,3_PLUS_ERROR,D:\college work\Hackaton projects\new zyn\benchmarks\anpr_v2\crops\live_crop_cam1_1789492252501_cand0_aug_rot.jpg
224,live_crop_cam1_1789492259500_cand0_aug_blur.jpg,MH01AV8866,MH01AV8866,MHO1AY8866,MHO1AY8866,False,False,0.8,2,0.814,2_CHAR_ERROR,D:\college work\Hackaton projects\new zyn\benchmarks\anpr_v2\crops\live_crop_cam1_1789492259500_cand0_aug_blur.jpg
225,live_crop_cam1_1789492259500_cand0_aug_dim.jpg,MH01AV8866,MH01AV8866,HHO1AY8866,HHO1AY8866,False,False,0.7,3,0.77,WRONG_STATE,D:\college work\Hackaton projects\new zyn\benchmarks\anpr_v2\crops\live_crop_cam1_1789492259500_cand0_aug_dim.jpg
226,live_crop_cam1_1789492259500_cand0_aug_contrast.jpg,MH01AV8866,MH01AV8866,MHO1AY8866,MHO1AY8866,False,False,0.8,2,0.808,2_CHAR_ERROR,D:\college work\Hackaton projects\new zyn\benchmarks\anpr_v2\crops\live_crop_cam1_1789492259500_cand0_aug_contrast.jpg
227,live_crop_cam1_1789492259500_cand0_aug_jpeg.jpg,MH01AV8866,MH01AV8866,NHO1AY8866,NHO1AY8866,False,False,0.7,3,0.786,WRONG_STATE,D:\college work\Hackaton projects\new zyn\benchmarks\anpr_v2\crops\live_crop_cam1_1789492259500_cand0_aug_jpeg.jpg
228,live_crop_cam1_1789492259500_cand0_aug_rot.jpg,MH01AV8866,MH01AV8866,HHO1AY8866,HHO1AY8866,False,False,0.7,3,0.802,WRONG_STATE,D:\college work\Hackaton projects\new zyn\benchmarks\anpr_v2\crops\live_crop_cam1_1789492259500_cand0_aug_rot.jpg
